student_id,age,gender,study_hours_per_day,social_media_hours,netflix_hours,part_time_job,attendance_percentage,sleep_hours,diet_quality,exercise_frequency,parental_education_level,internet_quality,mental_health_rating,extracurricular_participation,exam_score,Independent_Effort
S1000,23,Female,0.0,1.2,1.1,No,85.0,8.0,Fair,6,Master,Average,8,Yes,56.2,0.0
S1001,20,Female,6.9,2.8,2.3,No,97.3,4.6,Good,6,High School,Average,8,No,100.0,6.430568499534018
S1002,21,Male,1.4,3.1,1.3,No,59.93405016928811,8.0,Poor,1,High School,Poor,1,No,34.3,2.001886057808814
S1003,23,Female,1.0,3.9,1.0,No,71.0,9.2,Poor,4,Master,Good,1,Yes,26.8,1.234567901234568
S1004,19,Female,5.0,4.4,0.5,No,90.9,4.9,Fair,3,Master,Good,1,No,66.4,4.955401387512388
S1005,24,Male,7.2,1.3,0.0,No,82.9,7.4,Fair,1,Master,Average,4,No,100.0,7.7502691065662
S1006,21,Female,5.6,1.5,1.4,Yes,85.8,6.5,Good,2,Master,Poor,4,No,89.8,5.845511482254697
S1007,21,Female,4.3,1.0,2.0,Yes,77.7,4.6,Fair,0,Bachelor,Average,8,No,72.6,4.903078677309008
S1008,23,Female,4.4,2.2,1.7,No,100.0,7.1,Good,3,Bachelor,Good,1,No,78.9,4.0
S1009,18,Female,4.8,3.1,1.3,No,95.4,7.5,Good,5,Bachelor,Good,10,Yes,100.0,4.554079696394687
S1010,19,Female,4.6,3.7,0.8,No,77.6,5.8,Fair,1,,Good,3,No,63.3,5.251141552511416
S1011,23,Male,3.9,2.4,2.5,No,71.7,7.9,Fair,2,Bachelor,Average,1,No,74.4,4.773561811505507
S1012,19,Female,3.7,2.1,0.4,Yes,81.1,4.5,Fair,1,Bachelor,Good,9,No,76.9,4.061470911086719
S1013,19,Female,3.4,2.7,2.7,No,89.3,4.7,Fair,4,Bachelor,Good,10,No,75.8,3.4239677744209467
S1014,24,Male,2.4,1.5,0.7,No,87.4,6.7,Poor,6,Bachelor,Average,9,No,78.9,2.464065708418891
S1015,21,Male,3.1,5.0,1.0,No,97.5,6.5,Good,6,High School,Average,7,No,74.0,2.8837209302325584
S1016,20,Male,1.0,0.6,0.2,No,92.9,5.6,Poor,3,High School,Poor,8,Yes,55.2,0.9718172983479104
S1017,24,Female,3.4,2.7,1.2,No,94.7,7.5,Poor,0,High School,Average,1,Yes,70.8,3.2473734479465133
S1018,24,Other,2.0,4.9,2.9,Yes,58.21446483596678,7.1,Good,2,High School,Good,5,No,43.9,2.931929473916329
S1019,19,Male,1.8,2.5,2.4,No,71.1,7.5,Fair,1,High School,Average,2,No,45.3,2.2194821208384714
S1020,22,Female,3.8,2.3,2.9,No,83.0,6.4,Good,3,Master,Good,1,No,58.5,4.086021505376344
S1021,21,Male,5.6,2.1,2.4,No,95.6,7.2,Fair,1,High School,Good,3,No,82.5,5.303030303030303
S1022,18,Other,4.9,2.3,0.6,No,84.5,6.0,Fair,3,High School,Average,7,No,98.7,5.185185185185186
S1023,24,Female,1.1,4.1,1.4,Yes,50.530099544145976,9.0,Fair,6,Bachelor,Good,1,No,43.7,1.8172776986724515
S1024,20,Female,2.0,0.0,0.9,Yes,81.8,5.5,Fair,4,Bachelor,Average,2,No,54.9,2.178649237472767
S1025,22,Male,4.9,4.3,3.3,No,74.7,9.0,Fair,1,High School,Average,2,Yes,69.9,5.785123966942149
S1026,22,Male,2.0,0.8,0.5,No,83.8,6.5,Good,4,Bachelor,Poor,4,No,73.5,2.1321961620469083
S1027,18,Male,3.2,2.2,2.8,Yes,88.1,4.8,Fair,5,Bachelor,Average,3,No,71.1,3.26197757390418
S1028,24,Male,4.3,2.0,2.8,Yes,78.4,8.1,Good,5,High School,Poor,3,Yes,82.8,4.864253393665158
S1029,20,Female,2.0,3.2,3.8,Yes,82.6,6.7,Poor,6,High School,Poor,10,Yes,75.7,2.1598272138228944
S1030,21,Female,3.7,0.6,1.3,No,75.6,7.5,Fair,2,Master,Average,5,No,70.6,4.322429906542057
S1031,17,Other,1.5,3.1,2.6,Yes,96.2,8.0,Fair,4,Bachelor,Average,3,Yes,51.3,1.4124293785310733
S1032,20,Other,2.6,4.9,4.3,No,82.1,6.9,Good,3,Bachelor,Good,7,No,52.1,2.8230184581976117
S1033,18,Female,4.0,0.9,1.1,No,99.5,5.8,Poor,2,,Average,5,No,70.7,3.6529680365296806
S1034,22,Female,1.1,2.7,0.1,No,100.0,7.7,Fair,1,High School,Good,4,No,51.2,1.0
S1035,21,Female,4.2,1.7,0.0,Yes,84.2,6.5,Good,1,Bachelor,Average,3,No,72.6,4.45859872611465
S1036,20,Female,3.5,3.0,2.6,No,74.9,7.3,Fair,3,High School,Good,4,No,70.7,4.122497055359246
S1037,17,Male,4.3,2.5,0.0,Yes,64.1,3.9,Good,0,High School,Average,2,No,59.4,5.802968960863699
S1038,17,Male,3.8,1.7,1.4,No,70.3,7.0,Poor,0,Bachelor,Good,1,No,58.1,4.732254047322541
S1039,19,Male,5.5,3.1,2.3,No,94.12328435386,5.7,Good,1,High School,Average,3,No,82.3,5.282199878855538
S1040,19,Female,3.7,4.7,2.0,No,98.8,8.5,Good,6,Bachelor,Good,2,No,69.7,3.400735294117647
S1041,23,Female,2.9,2.3,2.3,No,86.2,7.2,Good,6,Bachelor,Average,1,No,66.0,3.0145530145530146
S1042,18,Male,3.7,3.4,2.0,No,88.9,6.8,Fair,3,High School,Poor,1,Yes,63.5,3.7411526794742165
S1043,24,Female,4.3,0.9,3.2,No,62.8,7.1,Poor,0,Bachelor,Good,2,No,65.7,5.906593406593407
S1044,20,Female,3.6,1.4,0.8,No,73.0,5.3,Good,4,High School,Poor,9,No,78.5,4.337349397590362
S1045,20,Male,3.6,3.1,1.1,No,93.9,8.4,Fair,1,Bachelor,Average,5,Yes,75.1,3.4648700673724733
S1046,24,Male,2.4,4.3,1.0,No,87.9,8.9,Poor,5,High School,Average,9,Yes,71.0,2.4514811031664965
S1047,23,Female,2.5,2.9,2.7,No,83.5,7.0,Good,4,,Good,8,Yes,59.7,2.6737967914438503
S1048,22,Female,1.4,2.1,2.8,No,90.6,8.4,Fair,3,Bachelor,Good,6,No,52.6,1.3916500994035785
S1049,22,Female,6.1,2.5,2.3,No,100.0,5.8,Poor,5,High School,Average,1,No,96.5,5.545454545454545
S1050,23,Female,1.6,1.0,3.1,No,82.8,5.5,Fair,4,Master,Good,10,Yes,62.0,1.7241379310344829
S1051,22,Female,2.5,3.2,0.5,No,85.7,6.5,Poor,0,High School,Average,5,No,59.7,2.6123301985370952
S1052,19,Female,2.4,3.6,3.6,No,30.498016260540073,7.0,Fair,6,High School,Average,1,No,48.4,5.926216199232654
S1053,20,Female,4.8,2.0,3.5,No,100.0,6.0,Good,0,Bachelor,Good,7,Yes,70.6,4.363636363636363
S1054,23,Female,3.1,1.9,2.6,Yes,64.0,7.1,Fair,5,High School,Good,10,No,68.1,4.1891891891891895
S1055,20,Male,5.4,2.8,3.8,No,91.8,6.9,Good,2,High School,Good,8,No,87.2,5.304518664047151
S1056,24,Male,2.5,2.0,0.0,No,83.9,5.3,Good,6,Bachelor,Average,8,No,66.7,2.662406815761448
S1057,17,Male,3.9,2.4,1.2,No,90.7,7.1,Good,1,Bachelor,Average,7,Yes,75.2,3.8728897715988078
S1058,19,Female,2.2,5.0,1.0,No,34.358954466060815,7.5,Poor,5,Master,Average,2,Yes,46.4,4.959539796374658
S1059,21,Female,7.2,2.2,2.6,No,96.5,6.7,Good,3,Master,Average,5,Yes,97.1,6.760563380281691
S1060,19,Female,1.7,2.1,0.6,Yes,92.1,7.9,Fair,1,High School,Average,4,No,61.2,1.665034280117532
S1061,23,Male,4.0,1.7,2.6,No,100.0,5.0,Fair,4,Bachelor,Good,5,No,75.0,3.6363636363636362
S1062,21,Male,4.5,3.4,3.3,Yes,93.1,7.1,Good,6,High School,Good,10,No,94.7,4.364694471387003
S1063,17,Male,4.1,2.3,2.6,Yes,76.5,5.1,Fair,3,Bachelor,Average,9,No,77.6,4.7398843930635834
S1064,23,Male,3.2,1.7,2.1,No,80.8,5.2,Good,3,High School,Poor,4,Yes,68.6,3.524229074889868
S1065,18,Female,3.3,4.1,0.7,No,80.5,5.7,Poor,0,Master,Good,8,No,69.6,3.646408839779005
S1066,20,Male,3.6,4.2,0.9,No,67.0,5.4,Good,4,Bachelor,Average,8,No,66.5,4.675324675324675
S1067,17,Male,3.3,1.8,3.2,No,81.7,5.8,Poor,0,Master,Good,2,No,62.2,3.5986913849509268
S1068,20,Female,4.9,0.3,2.7,Yes,92.3,6.2,Good,0,Bachelor,Poor,6,No,82.1,4.789833822091888
S1069,22,Male,6.8,3.7,1.8,No,94.06979420500383,7.5,Poor,6,Master,Average,5,No,100.0,6.534076531952097
S1070,18,Female,2.7,1.7,1.3,No,95.5,6.1,Poor,2,Bachelor,Good,2,Yes,59.7,2.5592417061611377
S1071,18,Female,1.4,3.4,0.0,No,89.9,4.6,Fair,0,High School,Poor,10,Yes,55.1,1.4014014014014013
S1072,17,Male,3.4,0.1,0.6,No,77.7,7.9,Fair,1,High School,Average,4,Yes,77.1,3.8768529076396807
S1073,18,Female,7.5,3.6,3.9,No,95.5,5.5,Fair,3,High School,Average,7,Yes,97.7,7.109004739336493
S1074,21,Female,2.3,1.0,0.4,No,100.0,6.4,Fair,6,,Good,1,No,66.9,2.0909090909090904
S1075,18,Female,6.0,3.4,2.0,Yes,92.3,7.0,Fair,0,Bachelor,Good,9,Yes,99.9,5.865102639296188
S1076,20,Male,6.0,2.5,2.9,No,85.1,6.7,Poor,5,Bachelor,Average,10,Yes,100.0,6.309148264984227
S1077,20,Female,2.7,1.4,0.4,No,82.6,7.8,Fair,1,Bachelor,Poor,1,No,57.2,2.9157667386609076
S1078,23,Female,4.4,2.0,2.0,Yes,85.8,7.1,Good,4,Master,Good,5,No,77.3,4.592901878914406
S1079,20,Male,5.9,3.3,2.8,Yes,79.9,5.5,Good,3,Master,Average,7,No,91.6,6.562847608453838
S1080,23,Male,2.9,2.6,1.8,No,64.0,9.1,Good,6,High School,Good,8,No,70.7,3.918918918918919
S1081,20,Other,3.2,3.2,5.0,No,100.0,6.7,Good,5,High School,Poor,2,No,57.6,2.909090909090909
S1082,21,Female,2.6,4.9,0.0,Yes,86.6,6.3,Fair,6,High School,Poor,4,No,60.2,2.6915113871635614
S1083,24,Male,2.0,0.6,3.0,No,89.0,7.7,Poor,6,High School,Good,2,Yes,50.5,2.0202020202020203
S1084,23,Female,2.5,4.4,1.6,No,84.4,6.8,Fair,5,Bachelor,Average,4,No,51.3,2.6483050847457625
S1085,19,Male,1.7,2.6,2.6,No,77.6,7.0,Good,4,Bachelor,Good,6,No,53.5,1.940639269406393
S1086,22,Male,3.6,1.4,2.3,No,83.1,9.5,Good,5,Bachelor,Poor,6,No,79.2,3.8668098818474763
S1087,17,Male,2.3,0.9,1.0,No,69.0,6.2,Fair,1,Master,Average,2,Yes,47.2,2.911392405063291
S1088,20,Male,3.9,2.3,2.1,No,100.0,6.1,Poor,6,Bachelor,Good,4,No,73.4,3.545454545454545
S1089,18,Male,1.2,3.6,0.0,No,72.7,6.6,Poor,4,High School,Average,4,Yes,41.1,1.4510278113663846
S1090,24,Male,4.0,2.3,2.5,No,74.7,7.8,Fair,6,Bachelor,Good,1,No,77.8,4.7225501770956315
S1091,20,Female,4.8,4.3,2.1,No,80.6,4.7,Fair,5,High School,Average,2,No,63.4,5.298013245033113
S1092,18,Male,0.5,0.8,2.5,Yes,59.631817969421064,4.1,Poor,4,High School,Good,3,No,43.9,0.7180625389094047
S1093,22,Male,4.1,2.5,3.0,No,85.1,5.8,Good,4,,Good,5,No,70.2,4.311251314405888
S1094,22,Female,5.3,1.0,2.2,No,91.5786069825397,4.5,Fair,0,High School,Average,8,No,81.3,5.217634064337005
S1095,22,Male,1.7,2.9,2.0,No,97.5,6.0,Good,0,High School,Good,6,No,50.2,1.5813953488372092
S1096,18,Female,6.0,3.6,0.8,No,92.3,7.1,Good,0,High School,Good,3,No,87.9,5.865102639296188
S1097,20,Male,4.1,2.0,1.0,No,90.4,5.4,Good,5,Bachelor,Average,6,No,80.9,4.083665338645418
S1098,22,Male,2.4,0.0,3.1,No,92.2,4.8,Good,3,Bachelor,Good,7,Yes,63.9,2.3483365949119372
S1099,21,Male,3.4,2.7,3.4,No,100.0,6.6,Good,1,High School,Good,6,No,65.6,3.0909090909090904
S1100,23,Male,5.9,3.0,1.5,No,100.0,7.5,Good,5,,Average,10,Yes,93.2,5.363636363636363
S1101,18,Male,3.6,3.0,1.9,No,78.1,4.5,Good,6,Bachelor,Average,6,No,74.0,4.0862656072644725
S1102,18,Male,4.3,4.0,0.8,No,100.0,7.5,Fair,0,,Average,1,No,60.8,3.9090909090909087
S1103,20,Male,2.1,1.2,3.1,No,88.8,7.5,Good,4,Master,Average,3,No,50.4,2.125506072874494
S1104,18,Male,3.8,3.3,2.5,No,90.0,7.6,Good,5,Bachelor,Good,7,No,74.3,3.8
S1105,18,Male,1.4,3.9,3.9,Yes,68.1,8.0,Good,4,High School,Average,4,Yes,32.8,1.792573623559539
S1106,22,Male,3.3,0.4,0.8,No,83.3,9.1,Good,6,High School,Good,4,Yes,82.3,3.536977491961415
S1107,20,Male,2.1,2.9,1.4,No,76.9,6.1,Fair,4,,Average,7,No,60.4,2.416570771001151
S1108,22,Female,2.4,1.9,2.1,No,93.3,6.6,Poor,4,High School,Average,9,Yes,60.0,2.3233301064859635
S1109,23,Female,5.4,2.4,2.5,No,95.7,6.0,Fair,2,High School,Good,2,No,77.5,5.10879848628193
S1110,24,Male,5.1,2.9,1.6,No,90.36273852699652,6.5,Fair,3,Bachelor,Average,9,Yes,86.5,5.081567197997644
S1111,23,Female,4.4,1.9,0.8,No,84.8,8.3,Good,1,High School,Average,3,No,76.9,4.641350210970464
S1112,24,Female,1.9,1.7,2.8,No,48.718555688627426,4.9,Fair,1,Bachelor,Poor,6,Yes,43.9,3.2357744118832112
S1113,22,Male,3.0,2.5,2.6,No,83.1,5.5,Fair,0,Bachelor,Average,4,No,51.3,3.22234156820623
S1114,23,Female,5.3,1.2,0.8,No,92.3,8.2,Fair,2,High School,Average,1,No,83.3,5.180840664711633
S1115,20,Female,3.7,1.2,3.3,No,88.5,7.7,Poor,5,,Good,9,No,82.7,3.7563451776649748
S1116,17,Male,7.0,3.3,3.1,No,88.4,6.1,Good,5,,Average,6,Yes,94.8,7.1138211382113825
S1117,22,Male,4.1,1.1,1.9,No,82.3,7.5,Good,1,,Good,8,No,80.8,4.442036836403034
S1118,24,Female,3.8,3.3,1.9,No,72.8,6.9,Poor,3,Bachelor,Good,2,Yes,58.3,4.5893719806763285
S1119,21,Female,3.0,3.1,2.4,Yes,73.8,8.3,Fair,4,High School,Average,7,No,66.3,3.579952267303103
S1120,24,Male,3.7,0.4,0.9,No,92.1,6.6,Fair,6,Bachelor,Average,6,No,87.9,3.6238981390793343
S1121,21,Male,3.3,1.7,1.8,No,85.2,7.7,Poor,0,High School,Good,2,No,60.5,3.466386554621849
S1122,18,Male,4.6,3.9,0.0,No,83.6,9.7,Poor,3,High School,Good,2,No,84.8,4.914529914529915
S1123,23,Female,4.9,1.3,2.8,No,80.8,7.2,Good,1,Bachelor,Average,4,No,77.0,5.396475770925111
S1124,21,Female,2.3,1.9,0.1,No,81.9,6.6,Fair,2,Bachelor,Average,4,No,61.7,2.5027203482045697
S1125,24,Male,1.5,3.1,3.5,No,58.68750435033802,7.4,Fair,0,High School,Average,3,No,44.0,2.1838033193771413
S1126,18,Male,0.7,3.4,1.4,Yes,37.8342728912183,6.1,Poor,1,High School,Poor,8,No,42.4,1.4633858898449152
S1127,17,Female,4.3,2.2,1.6,No,97.9065250964412,9.4,Good,5,Bachelor,Good,7,No,88.0,3.9849304721441867
S1128,20,Male,1.8,1.8,1.1,No,59.58389638039225,6.7,Good,0,High School,Good,2,No,48.7,2.586805415666856
S1129,20,Male,0.3,4.2,1.5,No,32.815961895178674,6.2,Good,1,High School,Average,3,Yes,26.8,0.7006732693159037
S1130,20,Female,4.1,4.6,3.4,No,85.3,5.5,Poor,5,Bachelor,Good,10,No,81.6,4.3022035676810075
S1131,21,Female,7.2,3.7,0.0,No,100.0,7.8,Good,6,High School,Good,9,No,100.0,6.545454545454545
S1132,17,Female,3.5,2.6,3.2,Yes,84.8,7.5,Fair,5,Bachelor,Average,5,Yes,74.0,3.691983122362869
S1133,21,Female,4.8,1.5,2.2,No,87.9,5.9,Fair,4,Bachelor,Poor,2,Yes,78.4,4.902962206332993
S1134,23,Male,3.6,1.5,0.5,No,73.2,7.2,Fair,2,Bachelor,Good,3,No,70.7,4.3269230769230775
S1135,21,Male,3.4,3.1,0.6,No,82.8,4.7,Fair,4,Bachelor,Good,8,No,74.3,3.663793103448276
S1136,17,Female,4.9,3.0,3.6,No,91.1,6.7,Good,1,Bachelor,Good,4,No,67.6,4.846686449060337
S1137,17,Male,3.1,4.2,0.8,No,69.4,7.0,Good,6,Bachelor,Poor,2,No,64.7,3.9042821158690177
S1138,23,Male,3.9,3.3,0.5,No,87.0,8.5,Fair,3,Master,Average,2,No,64.1,4.020618556701031
S1139,17,Male,4.0,0.7,3.1,No,86.0,5.6,Good,6,High School,Poor,6,No,83.5,4.166666666666667
S1140,24,Male,2.5,3.8,2.2,No,85.4,5.0,Good,6,High School,Good,8,No,63.4,2.6205450733752618
S1141,17,Male,5.0,1.3,0.8,No,95.4,5.4,Good,6,Bachelor,Good,7,No,96.2,4.743833017077798
S1142,20,Male,3.2,2.0,2.0,No,88.3,4.9,Fair,4,Bachelor,Poor,4,Yes,65.4,3.2553407934893186
S1143,24,Male,2.4,2.8,0.7,No,99.8,8.1,Fair,3,,Good,2,No,62.0,2.1857923497267757
S1144,24,Male,4.3,4.9,3.0,No,75.1,8.4,Fair,5,Master,Good,9,Yes,74.0,5.052878965922445
S1145,23,Female,2.2,6.2,3.0,No,51.24002458323321,6.9,Good,1,,Good,4,No,46.7,3.5924218106900203
S1146,19,Female,3.5,3.2,2.4,No,85.8,8.0,Poor,2,Bachelor,Good,9,No,75.5,3.653444676409186
S1147,19,Female,3.5,2.3,2.2,No,74.3,6.7,Fair,3,Bachelor,Poor,5,Yes,78.1,4.1518386714116255
S1148,17,Female,5.1,3.1,3.7,No,94.6,6.4,Fair,1,Master,Good,7,No,85.2,4.875717017208412
S1149,24,Female,4.2,3.6,1.8,Yes,100.0,6.1,Fair,3,,Poor,5,No,75.4,3.818181818181818
S1150,19,Male,3.5,2.1,0.5,Yes,84.8,6.1,Good,4,Bachelor,Average,2,No,64.2,3.691983122362869
S1151,19,Female,4.7,4.7,2.3,No,90.1,4.6,Good,1,High School,Good,6,No,69.7,4.695304695304696
S1152,17,Female,5.6,2.8,4.1,No,85.8,6.8,Good,4,High School,Good,7,No,90.3,5.845511482254697
S1153,19,Female,4.3,3.1,0.7,No,77.9,6.5,Good,0,,Average,6,No,81.4,4.891922639362912
S1154,21,Male,3.5,3.3,1.4,No,66.8,7.4,Fair,1,Bachelor,Good,3,No,65.0,4.557291666666667
S1155,18,Male,1.5,3.0,2.3,No,77.9,6.6,Fair,3,High School,Good,10,No,57.3,1.7064846416382253
S1156,23,Male,1.9,3.5,1.7,Yes,71.1,6.3,Fair,0,High School,Good,8,No,57.7,2.342786683107275
S1157,18,Male,3.0,1.8,0.7,No,100.0,5.5,Poor,4,Bachelor,Poor,3,No,56.7,2.727272727272727
S1158,17,Female,2.6,1.8,3.0,No,83.8,6.6,Fair,4,Bachelor,Good,5,Yes,62.3,2.771855010660981
S1159,20,Female,3.2,1.2,4.4,No,81.5,7.4,Good,3,Bachelor,Average,9,No,77.9,3.497267759562842
S1160,23,Male,3.6,3.0,2.0,No,93.9,5.1,Fair,0,Master,Average,5,No,65.2,3.4648700673724733
S1161,17,Other,4.3,3.4,0.8,No,73.8,6.6,Good,6,High School,Average,7,No,76.8,5.131264916467781
S1162,24,Female,3.4,3.0,0.1,No,77.3,6.8,Fair,5,Master,Average,7,No,83.8,3.8946162657502863
S1163,20,Male,4.2,4.5,2.1,No,85.7,5.6,Poor,2,Master,Good,5,No,70.6,4.3887147335423204
S1164,18,Male,3.6,2.5,3.0,No,95.3,5.8,Poor,3,High School,Average,2,Yes,63.1,3.418803418803419
S1165,17,Male,0.5,3.3,2.3,No,50.4305357513277,6.8,Fair,4,High School,Good,5,No,39.0,0.8273962720726247
S1166,24,Male,2.1,1.2,1.8,No,87.5,5.1,Fair,1,High School,Average,7,No,66.7,2.153846153846154
S1167,23,Male,3.3,2.0,1.2,Yes,85.8,6.9,Poor,0,High School,Good,7,No,72.2,3.4446764091858038
S1168,23,Male,1.7,3.3,0.6,No,89.0,5.4,Fair,5,Bachelor,Good,4,Yes,50.1,1.7171717171717171
S1169,22,Male,4.4,3.5,2.7,Yes,87.0,7.8,Fair,2,Bachelor,Good,1,No,62.4,4.536082474226805
S1170,24,Male,5.8,2.1,2.8,No,94.24549150883661,9.3,Fair,1,Bachelor,Good,6,No,96.6,5.563789777429702
S1171,21,Female,5.3,2.4,0.1,No,85.5,5.5,Good,0,Bachelor,Good,3,Yes,85.8,5.549738219895288
S1172,19,Male,3.2,0.7,3.5,No,74.3,7.1,Good,5,High School,Good,5,No,68.3,3.795966785290629
S1173,20,Female,5.7,2.1,2.4,No,85.8,5.6,Fair,3,Master,Good,4,Yes,83.8,5.949895615866389
S1174,24,Male,3.7,3.6,3.3,Yes,80.2,7.7,Good,5,High School,Poor,2,No,69.3,4.1019955654102
S1175,22,Other,3.0,3.2,0.3,No,100.0,5.0,Good,3,Master,Good,7,No,65.3,2.727272727272727
S1176,19,Male,2.6,3.1,0.3,No,84.6,7.1,Good,6,High School,Average,5,Yes,77.5,2.748414376321353
S1177,19,Male,3.0,2.6,1.6,No,71.0,5.5,Fair,0,Master,Average,7,Yes,55.0,3.703703703703704
S1178,17,Other,2.9,2.5,2.4,Yes,83.7,6.3,Poor,5,,Good,9,No,65.2,3.094983991462113
S1179,19,Female,3.8,1.7,3.8,No,90.2,5.3,Good,2,High School,Average,4,No,58.1,3.7924151696606785
S1180,21,Female,3.7,3.3,2.6,Yes,100.0,7.5,Fair,5,,Good,5,No,69.2,3.3636363636363633
S1181,23,Male,3.5,3.0,1.5,Yes,79.1,5.5,Good,0,Bachelor,Average,9,No,67.4,3.928170594837262
S1182,22,Male,4.2,3.1,0.7,No,69.2,7.2,Good,1,Master,Poor,10,No,79.9,5.303030303030303
S1183,19,Female,5.3,1.9,3.2,No,93.2,6.1,Fair,1,High School,Average,4,Yes,85.7,5.1356589147286815
S1184,17,Female,4.9,0.0,0.7,No,88.1927266238504,6.4,Fair,5,Master,Poor,5,No,96.2,4.990186308575141
S1185,21,Female,1.3,3.8,3.6,Yes,58.335934338203344,6.7,Fair,5,Bachelor,Good,5,No,40.4,1.9023666136854624
S1186,18,Female,0.0,1.9,1.5,No,82.4,5.6,Fair,3,Bachelor,Average,8,No,55.2,0.0
S1187,23,Male,4.9,1.5,3.5,No,84.3,6.8,Fair,0,Bachelor,Average,4,No,73.8,5.196182396606575
S1188,23,Female,1.4,3.3,2.5,No,57.08734711311549,8.3,Fair,3,High School,Poor,4,Yes,46.5,2.0868316608785706
S1189,22,Male,3.2,2.0,1.6,No,78.2,5.6,Fair,2,High School,Average,7,Yes,60.5,3.6281179138321997
S1190,23,Male,1.7,3.8,1.2,No,82.3,7.9,Poor,6,Master,Good,5,No,55.4,1.8418201516793067
S1191,19,Male,0.8,3.2,1.4,No,44.23860960725104,8.3,Good,1,Master,Average,6,No,45.1,1.4749640630408967
S1192,17,Female,4.3,3.3,2.3,No,86.5,5.5,Poor,4,Master,Good,6,No,69.4,4.455958549222798
S1193,23,Male,4.6,0.9,1.9,No,86.0,4.8,Good,4,Master,Good,6,No,81.3,4.791666666666666
S1194,23,Male,2.6,4.0,1.1,No,89.4,6.9,Good,0,High School,Good,10,No,66.6,2.61569416498994
S1195,18,Female,0.0,2.8,1.6,No,47.60354758334789,5.8,Fair,0,Bachelor,Good,5,No,26.7,0.0
S1196,18,Male,2.7,2.1,1.9,No,88.9,8.7,Good,4,High School,Poor,5,No,64.5,2.730030333670374
S1197,20,Female,4.1,2.7,0.0,No,89.5,6.5,Fair,0,Master,Average,9,Yes,87.1,4.1206030150753765
S1198,21,Male,1.3,0.4,2.3,Yes,69.2,5.5,Good,1,High School,Good,8,Yes,42.2,1.6414141414141414
S1199,19,Female,3.8,3.0,0.7,No,85.5,5.1,Fair,2,Bachelor,Good,4,No,61.6,3.979057591623037
S1200,23,Female,3.5,1.3,0.5,No,89.8,7.8,Fair,2,Bachelor,Good,7,No,81.9,3.5070140280561124
S1201,24,Male,4.4,0.9,0.0,No,92.3,5.8,Fair,3,High School,Good,8,No,96.5,4.301075268817205
S1202,23,Male,3.7,0.7,0.0,No,78.1,6.6,Fair,1,,Average,9,No,85.1,4.199772985244041
S1203,17,Male,2.0,3.8,0.3,No,78.4,7.6,Fair,6,Master,Poor,5,No,58.5,2.262443438914027
S1204,20,Male,5.3,1.7,1.0,No,79.3,5.9,Fair,0,Bachelor,Good,3,Yes,78.4,5.93505039193729
S1205,21,Other,3.3,4.3,3.9,No,90.4,6.4,Fair,0,High School,Good,4,No,56.4,3.286852589641434
S1206,24,Male,3.5,1.9,1.2,No,95.3,6.5,Poor,6,Bachelor,Average,10,Yes,92.6,3.323836657169991
S1207,20,Female,2.1,0.5,2.0,No,80.9,7.3,Poor,3,Bachelor,Good,6,Yes,62.3,2.31023102310231
S1208,22,Male,2.8,1.2,2.2,Yes,94.1,7.2,Fair,3,High School,Average,10,No,75.8,2.689721421709894
S1209,21,Female,2.2,4.0,1.9,No,53.47538490251824,6.2,Poor,0,High School,Average,5,Yes,47.1,3.465910452340905
S1210,23,Female,3.2,2.3,1.7,Yes,83.8,6.6,Poor,0,Master,Good,9,No,66.3,3.4115138592750536
S1211,23,Female,6.8,1.8,0.5,No,96.5,6.1,Good,6,Bachelor,Good,3,Yes,98.3,6.384976525821596
S1212,21,Male,1.4,2.7,3.4,No,31.835696460559525,4.7,Poor,1,Bachelor,Average,2,Yes,29.7,3.3464245093178877
S1213,23,Male,1.1,3.1,3.8,No,47.52814507060097,6.8,Good,6,Bachelor,Poor,6,No,45.5,1.9121075408394164
S1214,19,Male,5.7,3.8,0.0,No,100.0,8.8,Fair,3,,Average,7,No,100.0,5.181818181818182
S1215,21,Female,3.2,4.2,0.7,No,76.5,5.4,Good,6,High School,Good,5,Yes,67.5,3.6994219653179194
S1216,20,Female,2.5,2.1,1.5,No,90.2,5.6,Fair,6,High School,Average,1,Yes,60.3,2.4950099800399204
S1217,21,Other,5.1,0.9,0.7,No,79.7,5.5,Fair,6,High School,Good,3,No,87.0,5.68561872909699
S1218,24,Male,2.6,2.0,2.4,No,54.32828468254259,7.4,Fair,1,Bachelor,Good,3,No,48.5,4.041767960751468
S1219,23,Female,6.2,2.8,1.0,No,84.9,7.0,Fair,5,Master,Good,4,No,100.0,6.533192834562698
S1220,19,Female,4.5,1.3,4.2,No,86.4,6.3,Fair,0,High School,Average,10,No,82.1,4.66804979253112
S1221,19,Male,2.8,1.4,3.1,No,100.0,5.4,Poor,4,High School,Good,6,Yes,63.7,2.545454545454545
S1222,22,Male,6.7,2.9,2.0,No,83.2,6.6,Good,6,Bachelor,Average,5,No,100.0,7.188841201716738
S1223,20,Female,2.6,2.4,2.9,No,73.7,4.6,Fair,4,Master,Average,1,No,41.9,3.1063321385902034
S1224,18,Female,4.6,2.5,3.0,No,87.7,6.7,Fair,5,Bachelor,Poor,6,No,72.7,4.7082906857727735
S1225,18,Female,3.9,1.6,1.2,No,64.3,7.5,Good,0,Master,Average,9,Yes,74.3,5.248990578734858
S1226,21,Male,5.5,2.2,0.9,Yes,84.1,5.0,Fair,3,Bachelor,Good,1,No,88.7,5.844845908607864
S1227,22,Female,5.8,1.4,1.9,No,85.2,4.7,Good,4,Bachelor,Average,8,Yes,96.6,6.092436974789916
S1228,17,Male,3.5,3.6,2.7,No,92.9,8.4,Fair,3,High School,Average,8,Yes,72.6,3.4013605442176864
S1229,21,Male,2.4,3.7,2.0,No,94.7,5.8,Good,4,High School,Good,3,Yes,52.4,2.2922636103151857
S1230,22,Male,4.2,0.3,0.1,No,80.0,7.9,Poor,3,High School,Poor,9,Yes,100.0,4.666666666666667
S1231,20,Female,2.5,1.4,0.9,No,83.5,6.3,Good,6,Bachelor,Good,8,No,73.1,2.6737967914438503
S1232,20,Female,6.5,0.7,1.7,No,77.3,6.3,Good,4,Master,Average,3,No,100.0,7.445589919816724
S1233,20,Female,3.7,1.7,1.7,No,97.8820038354687,7.0,Fair,3,Master,Poor,10,Yes,80.8,3.429673039483848
S1234,20,Male,3.0,2.4,4.0,No,88.1,5.4,Poor,5,High School,Good,5,No,62.9,3.0581039755351687
S1235,20,Female,3.8,0.8,0.3,No,72.3,6.7,Fair,1,High School,Poor,3,No,71.5,4.6172539489671935
S1236,22,Male,1.5,1.4,2.4,No,41.25120072107194,6.0,Good,3,High School,Good,5,No,46.2,2.926760698083069
S1237,22,Female,2.0,1.3,3.4,Yes,75.0,4.9,Fair,1,High School,Average,9,No,53.8,2.3529411764705883
S1238,19,Male,5.3,2.7,4.3,No,90.5,6.9,Fair,1,Bachelor,Poor,4,Yes,74.2,5.273631840796019
S1239,24,Male,2.5,2.6,1.4,No,100.0,6.2,Poor,0,Master,Poor,6,No,52.5,2.2727272727272725
S1240,18,Male,1.9,1.6,2.3,No,72.0,6.3,Fair,6,Master,Poor,3,No,51.2,2.317073170731707
S1241,23,Male,4.3,2.7,2.4,Yes,66.5,5.0,Fair,5,Bachelor,Poor,3,No,60.6,5.620915032679738
S1242,20,Female,5.3,1.8,2.0,No,83.8,8.4,Good,1,Bachelor,Good,5,No,91.5,5.6503198294243075
S1243,17,Female,4.6,2.2,1.7,No,85.2,7.6,Fair,2,Bachelor,Average,8,No,87.3,4.831932773109243
S1244,23,Male,5.0,4.5,2.3,No,87.2,7.7,Good,6,High School,Average,8,No,98.0,5.1440329218107
S1245,22,Female,2.4,4.1,0.0,No,53.30441459151706,6.1,Fair,1,Bachelor,Average,3,Yes,47.9,3.7912047927248436
S1246,17,Male,1.4,0.9,2.6,Yes,83.0,4.4,Poor,3,Bachelor,Good,8,No,51.0,1.5053763440860215
S1247,17,Female,5.8,3.5,1.9,No,88.7,8.8,Fair,1,Bachelor,Good,8,Yes,90.0,5.8763931104356635
S1248,17,Female,3.0,3.5,1.6,No,95.4,6.4,Fair,3,High School,Good,3,No,54.1,2.846299810246679
S1249,19,Female,3.1,1.1,4.1,No,65.4,5.6,Good,3,High School,Good,10,Yes,58.4,4.111405835543767
S1250,22,Male,6.5,3.5,1.1,Yes,98.2,7.0,Good,2,High School,Average,10,No,100.0,6.0073937153419585
S1251,17,Female,4.3,4.3,1.4,No,87.1,7.9,Fair,1,Master,Average,2,No,65.2,4.42842430484037
S1252,20,Female,4.2,1.2,4.0,No,75.8,6.5,Fair,1,High School,Good,10,No,85.3,4.895104895104895
S1253,21,Male,6.7,1.4,0.9,No,100.0,8.0,Fair,4,Bachelor,Good,2,No,93.8,6.090909090909091
S1254,17,Male,2.5,3.7,1.2,Yes,78.6,7.8,Good,6,Bachelor,Average,9,No,78.8,2.8216704288939054
S1255,19,Female,4.9,2.8,1.6,No,84.6,5.2,Good,4,High School,Average,7,No,85.0,5.17970401691332
S1256,23,Female,3.6,3.2,2.7,No,90.6,5.7,Good,0,Bachelor,Good,6,No,64.5,3.5785288270377733
S1257,22,Female,3.9,2.9,2.0,No,79.1,7.6,Fair,3,Master,Good,7,No,71.0,4.377104377104377
S1258,24,Female,5.8,3.0,0.4,No,88.07451118693326,3.2,Fair,2,High School,Average,8,No,90.8,5.913870923042388
S1259,19,Female,4.3,0.9,1.2,No,80.7,6.3,Fair,4,Master,Good,1,No,72.6,4.740904079382579
S1260,17,Male,4.3,3.8,1.1,No,95.3,4.8,Fair,1,High School,Average,8,No,70.9,4.083570750237417
S1261,22,Male,5.1,3.9,1.7,Yes,81.6,5.9,Fair,0,,Poor,3,Yes,65.1,5.567685589519651
S1262,21,Male,3.0,2.2,2.3,No,38.509732345615404,6.1,Poor,2,Master,Average,3,No,49.1,6.184326020655023
S1263,17,Female,2.2,2.4,2.3,Yes,94.3,6.1,Poor,5,Bachelor,Average,6,No,62.7,2.1093000958772774
S1264,19,Male,1.9,0.7,0.0,No,81.7,5.8,Good,1,Master,Poor,4,No,51.5,2.0719738276990185
S1265,18,Female,0.6,3.1,3.0,No,54.96265711298996,5.2,Good,1,Bachelor,Good,4,No,18.4,0.9236075411084498
S1266,20,Female,6.6,3.2,2.1,No,86.5,9.3,Fair,5,Master,Average,4,Yes,100.0,6.839378238341968
S1267,24,Female,1.8,2.4,3.3,Yes,92.7,8.7,Fair,3,Bachelor,Good,10,No,53.3,1.7526777020447906
S1268,23,Male,3.2,3.8,2.3,No,100.0,5.1,Fair,3,Bachelor,Poor,9,No,76.1,2.909090909090909
S1269,19,Female,3.1,2.1,3.0,No,93.3,8.4,Good,4,Bachelor,Average,8,No,85.6,3.000968054211036
S1270,22,Male,4.0,3.2,2.3,Yes,96.6,6.0,Good,4,High School,Good,3,Yes,63.0,3.7523452157598496
S1271,24,Female,4.7,1.3,3.3,Yes,79.9,6.7,Good,1,Master,Good,1,No,73.6,5.2280311457174635
S1272,24,Male,4.8,2.5,2.4,Yes,74.7,6.4,Good,6,High School,Good,1,No,76.2,5.667060212514758
S1273,24,Male,2.6,2.3,1.7,No,55.93764206073229,5.7,Fair,1,Bachelor,Good,1,Yes,45.5,3.9431194667307845
S1274,17,Female,3.2,2.8,4.3,No,86.1,7.7,Fair,4,High School,Average,4,Yes,58.6,3.329864724245578
S1275,20,Male,3.9,2.1,2.8,No,74.2,6.7,Fair,5,Bachelor,Average,6,No,77.8,4.631828978622328
S1276,17,Male,3.1,2.3,2.4,Yes,83.2,5.9,Fair,4,High School,Good,4,Yes,61.5,3.3261802575107295
S1277,22,Female,5.9,3.5,0.4,No,89.0,4.9,Good,1,,Good,3,No,71.4,5.95959595959596
S1278,17,Female,4.2,2.0,0.4,No,88.6,5.4,Fair,2,Master,Good,8,Yes,93.9,4.259634888438135
S1279,18,Female,4.6,0.6,2.1,No,90.0,4.5,Poor,1,High School,Good,8,No,85.9,4.6
S1280,20,Female,4.5,4.6,2.0,No,87.9,6.5,Fair,2,Bachelor,Good,6,No,73.8,4.596527068437181
S1281,20,Female,5.3,4.2,1.1,Yes,79.9,5.1,Good,2,High School,Average,9,No,83.3,5.89543937708565
S1282,22,Male,3.8,0.9,2.0,Yes,79.9,6.2,Fair,1,,Good,10,No,79.7,4.226918798665183
S1283,23,Male,1.6,3.3,3.5,Yes,73.0,8.1,Good,6,High School,Good,1,No,47.1,1.9277108433734942
S1284,18,Male,4.1,1.9,2.6,No,100.0,7.9,Fair,6,Bachelor,Good,8,No,91.9,3.7272727272727266
S1285,19,Female,2.5,2.8,0.5,Yes,85.1,6.5,Poor,0,,Poor,6,Yes,60.6,2.6288117770767614
S1286,17,Female,2.7,2.9,1.7,No,58.297180171972215,6.4,Fair,4,Master,Average,1,No,46.6,3.9533110930808615
S1287,21,Male,4.4,2.2,0.9,No,75.7,8.8,Good,6,High School,Poor,4,Yes,84.2,5.134189031505251
S1288,17,Male,5.4,1.6,1.4,No,100.0,7.1,Fair,3,High School,Average,5,No,95.5,4.909090909090909
S1289,24,Female,3.5,1.7,1.3,No,74.3,6.1,Good,1,High School,Good,7,Yes,73.5,4.1518386714116255
S1290,17,Male,4.0,1.4,1.3,No,80.7,4.8,Fair,2,,Poor,8,No,75.9,4.410143329658213
S1291,19,Female,6.1,1.5,0.4,No,89.2,7.0,Poor,1,Bachelor,Average,9,No,100.0,6.149193548387096
S1292,17,Female,3.9,2.4,1.7,Yes,91.0,7.5,Good,4,Master,Average,6,Yes,74.2,3.8613861386138613
S1293,18,Female,7.4,1.6,1.2,No,94.6,5.7,Fair,5,Bachelor,Good,10,Yes,100.0,7.074569789674952
S1294,18,Male,4.3,3.3,0.0,No,100.0,6.8,Fair,6,High School,Average,9,No,94.9,3.9090909090909087
S1295,20,Female,0.9,4.3,4.1,No,49.97842021916503,6.1,Good,6,High School,Average,4,No,27.6,1.5005396886269124
S1296,22,Female,4.6,1.8,3.0,No,94.44608251870262,6.3,Fair,6,High School,Average,8,No,86.2,4.404186245258458
S1297,23,Female,4.1,2.8,1.4,No,82.4,3.5,Good,2,Master,Average,3,No,60.1,4.437229437229437
S1298,21,Female,5.4,3.1,1.8,No,88.1,6.2,Poor,3,High School,Average,4,Yes,91.3,5.5045871559633035
S1299,24,Female,4.5,3.1,0.5,No,100.0,7.7,Fair,3,Bachelor,Average,10,No,93.8,4.090909090909091
S1300,17,Female,3.3,2.6,3.7,No,71.0,5.7,Poor,6,High School,Good,4,Yes,61.6,4.074074074074074
S1301,17,Male,1.7,3.4,3.9,Yes,51.33744201653179,6.6,Good,3,High School,Average,6,No,41.7,2.7715534657311154
S1302,19,Female,3.2,3.1,2.0,No,86.8,5.6,Fair,5,High School,Poor,9,No,74.5,3.3057851239669422
S1303,22,Female,2.2,1.0,2.9,No,93.4,6.9,Good,6,,Good,6,No,63.7,2.127659574468085
S1304,18,Male,2.6,3.5,2.0,No,34.090353713589145,6.2,Good,0,Bachelor,Average,1,No,39.6,5.896981495974369
S1305,21,Female,4.4,3.6,0.3,No,76.6,5.4,Fair,2,High School,Good,5,Yes,87.5,5.080831408775983
S1306,20,Female,6.0,1.6,1.3,No,92.5,8.1,Fair,5,Bachelor,Average,9,No,100.0,5.853658536585365
S1307,18,Female,4.1,2.5,1.9,Yes,91.5,7.6,Fair,2,,Good,5,No,75.4,4.039408866995073
S1308,24,Male,1.7,3.3,1.3,No,94.7,5.8,Fair,6,Master,Good,6,Yes,61.5,1.6236867239732566
S1309,22,Male,4.2,2.2,1.6,No,84.9,7.1,Fair,5,High School,Good,3,Yes,73.3,4.425711275026344
S1310,24,Other,5.3,3.8,1.7,No,79.0,7.1,Good,6,Master,Average,8,No,96.3,5.955056179775281
S1311,23,Female,2.6,5.3,1.7,Yes,69.4,7.3,Good,5,Bachelor,Average,10,No,67.0,3.27455919395466
S1312,20,Male,3.3,1.6,1.9,No,93.2,4.5,Good,6,Master,Average,4,No,70.1,3.197674418604651
S1313,23,Female,3.5,0.8,0.6,No,89.2,7.7,Good,0,High School,Good,4,No,84.2,3.528225806451613
S1314,19,Female,2.3,2.9,1.0,No,49.604361669647844,5.8,Good,2,Bachelor,Good,5,Yes,48.9,3.8587780081389953
S1315,24,Female,4.5,3.4,0.4,No,79.6,6.1,Fair,5,High School,Poor,10,No,98.8,5.022321428571429
S1316,19,Female,3.3,2.2,2.9,Yes,80.3,9.7,Good,0,High School,Poor,9,No,76.1,3.654485049833887
S1317,17,Male,4.1,4.2,0.0,No,88.78350979292557,6.9,Good,1,High School,Average,8,Yes,80.4,4.150490308144146
S1318,23,Male,2.2,0.9,3.1,No,76.8,6.0,Fair,6,High School,Poor,7,No,64.1,2.534562211981567
S1319,22,Male,2.8,3.3,3.3,No,73.7,3.9,Good,4,Master,Average,5,Yes,59.4,3.345280764635603
S1320,24,Female,4.6,1.8,1.5,No,80.9,8.2,Fair,5,,Poor,9,Yes,94.2,5.06050605060506
S1321,21,Male,2.9,4.6,0.0,Yes,77.6,4.9,Good,3,Bachelor,Good,9,Yes,67.8,3.310502283105023
S1322,20,Male,6.1,4.9,1.4,No,92.6068952125835,5.3,Good,0,Bachelor,Good,10,No,96.1,5.945019569456681
S1323,18,Male,2.9,1.6,1.7,No,100.0,6.1,Good,0,Bachelor,Good,10,No,70.2,2.6363636363636362
S1324,22,Female,3.8,1.8,0.7,No,97.5,8.2,Fair,5,Bachelor,Average,2,No,84.2,3.5348837209302326
S1325,22,Female,4.9,3.5,1.2,No,77.2,7.4,Good,0,High School,Good,4,No,75.4,5.619266055045872
S1326,19,Male,1.4,2.0,3.5,No,49.71040299257842,6.3,Fair,1,Bachelor,Good,8,No,41.7,2.344650060683747
S1327,23,Male,0.9,2.4,2.5,No,40.42013023968444,6.9,Fair,0,High School,Poor,1,No,23.1,1.7850013391905766
S1328,24,Female,1.2,2.5,0.8,Yes,96.9,5.8,Good,4,Master,Good,5,No,50.3,1.1225444340505142
S1329,24,Male,5.4,0.2,0.0,No,76.8,6.7,Fair,4,Bachelor,Average,8,No,100.0,6.2211981566820285
S1330,17,Male,2.7,2.5,1.4,No,95.9,6.6,Good,6,Master,Average,2,No,52.2,2.5495750708215295
S1331,17,Male,7.3,1.7,1.6,No,79.5,7.7,Fair,6,,Average,2,Yes,100.0,8.156424581005586
S1332,20,Male,2.7,1.9,2.3,No,71.6,7.7,Fair,3,High School,Poor,8,No,71.2,3.308823529411765
S1333,19,Male,3.8,4.2,1.2,No,92.2,7.1,Good,1,High School,Good,10,No,72.3,3.718199608610567
S1334,22,Female,5.8,1.0,2.4,No,97.9,6.1,Fair,4,,Average,9,No,100.0,5.375347544022242
S1335,24,Male,6.5,3.5,3.9,No,100.0,7.4,Poor,5,High School,Average,7,Yes,100.0,5.909090909090908
S1336,21,Female,6.6,2.2,2.7,No,94.37174340431174,6.4,Good,2,Bachelor,Poor,8,Yes,100.0,6.323550593988971
S1337,19,Male,5.3,2.2,1.7,No,92.0,5.2,Fair,2,High School,Good,5,No,93.1,5.196078431372548
S1338,20,Female,5.0,3.4,1.6,Yes,80.9,6.0,Good,2,Bachelor,Average,1,Yes,67.7,5.5005500550055
S1339,20,Female,4.4,2.9,1.4,No,92.8,6.6,Fair,6,Master,Good,4,Yes,77.9,4.280155642023346
S1340,19,Male,4.7,3.2,3.1,Yes,96.90948654125599,7.6,Fair,5,Bachelor,Good,2,No,80.3,4.396242234487103
S1341,20,Female,2.7,3.7,1.1,No,72.4,6.3,Fair,0,High School,Average,3,No,44.3,3.2766990291262137
S1342,19,Male,2.3,2.1,1.8,No,77.2,5.0,Fair,5,High School,Average,3,No,54.7,2.6376146788990824
S1343,18,Other,3.5,1.8,1.9,No,85.8,6.6,Fair,0,High School,Good,9,No,85.0,3.653444676409186
S1344,19,Male,3.2,1.2,1.2,No,78.6,6.6,Fair,2,High School,Poor,10,Yes,81.7,3.611738148984199
S1345,23,Male,2.8,1.5,0.3,No,91.6,6.7,Fair,3,Bachelor,Poor,4,No,71.6,2.7559055118110236
S1346,19,Male,4.5,6.0,2.2,Yes,95.3,7.6,Poor,3,High School,Good,2,Yes,73.7,4.273504273504273
S1347,20,Other,4.9,4.0,1.7,No,91.0,7.7,Fair,0,Master,Average,3,No,77.0,4.851485148514851
S1348,24,Female,3.6,0.9,2.4,No,100.0,5.8,Poor,2,Bachelor,Average,3,No,72.3,3.2727272727272725
S1349,23,Female,5.7,0.9,1.2,No,89.2,5.8,Poor,5,Bachelor,Average,7,No,100.0,5.745967741935484
S1350,20,Male,1.8,3.1,3.1,No,72.8,5.3,Good,3,High School,Average,8,No,54.0,2.173913043478261
S1351,17,Female,3.2,3.2,0.8,No,98.6,7.3,Good,0,High School,Good,6,No,70.4,2.9465930018416207
S1352,17,Male,2.4,3.2,3.7,No,34.02783216065778,8.2,Good,5,Bachelor,Good,4,Yes,47.0,5.451097367779518
S1353,24,Female,0.7,2.2,0.0,No,52.512987479144655,6.1,Fair,2,High School,Good,6,No,48.7,1.1197673127260657
S1354,24,Male,3.4,2.3,2.3,No,51.72177257785444,6.2,Good,1,High School,Good,1,No,47.6,5.508590984990454
S1355,23,Male,3.3,2.9,2.3,Yes,89.6,8.3,Good,2,High School,Average,10,No,81.1,3.313253012048193
S1356,18,Male,5.8,2.6,0.9,Yes,97.92212928333117,7.1,Good,6,High School,Average,8,No,100.0,5.374245336443545
S1357,24,Male,4.4,0.0,2.3,No,75.8,7.0,Fair,2,Bachelor,Average,1,No,81.9,5.128205128205129
S1358,17,Female,2.0,2.2,3.2,No,98.2,5.1,Good,5,High School,Average,5,No,56.3,1.8484288354898335
S1359,19,Male,7.0,1.5,0.0,No,99.1,7.3,Good,5,Bachelor,Good,2,Yes,100.0,6.416131989000917
S1360,20,Female,5.3,2.7,2.4,Yes,85.8,5.4,Good,4,High School,Good,6,No,81.0,5.532359081419624
S1361,17,Male,4.4,6.1,0.0,No,92.6,5.1,Poor,4,Bachelor,Average,9,Yes,84.9,4.288499025341131
S1362,17,Female,3.2,2.9,0.7,No,92.0,6.1,Fair,5,Master,Poor,5,No,67.9,3.1372549019607843
S1363,18,Male,2.1,2.1,3.6,No,87.8,5.8,Fair,5,Master,Poor,4,No,56.9,2.147239263803681
S1364,23,Male,2.9,3.6,1.2,No,35.957953744841134,6.2,Fair,1,High School,Average,2,No,45.9,6.310115581082697
S1365,23,Female,5.1,3.1,0.5,Yes,81.9,4.8,Good,1,,Poor,3,No,76.0,5.549510337323177
S1366,22,Male,6.3,3.0,1.6,No,93.6,7.7,Poor,2,High School,Average,6,Yes,94.8,6.081081081081081
S1367,18,Male,5.8,3.2,4.1,No,90.5,7.9,Poor,6,Bachelor,Good,8,No,99.3,5.771144278606965
S1368,19,Female,2.8,5.0,0.0,Yes,82.4,4.2,Fair,3,Bachelor,Good,8,No,71.0,3.03030303030303
S1369,23,Female,1.8,1.1,0.6,Yes,95.8,7.7,Poor,6,Bachelor,Average,5,No,70.9,1.7013232514177694
S1370,20,Male,3.7,3.1,3.4,Yes,83.7,5.5,Fair,1,High School,Average,5,Yes,59.8,3.9487726787620065
S1371,24,Male,0.8,1.4,3.8,Yes,49.71091211956251,7.5,Good,2,Bachelor,Average,10,No,36.0,1.3397886108289807
S1372,18,Female,4.0,3.2,1.7,No,77.4,6.4,Fair,6,High School,Good,3,No,68.4,4.576659038901602
S1373,24,Male,3.3,1.4,0.4,No,75.2,6.5,Poor,0,Bachelor,Good,7,Yes,72.9,3.873239436619718
S1374,17,Male,2.8,2.0,4.1,Yes,82.3,6.3,Fair,4,High School,Good,6,No,57.3,3.0335861321776814
S1375,20,Male,1.1,2.1,3.6,Yes,97.3,8.0,Fair,6,Bachelor,Average,1,Yes,50.3,1.0251630941286114
S1376,20,Female,4.3,3.7,2.5,No,76.9,5.0,Poor,3,,Good,4,No,65.7,4.9482163406214035
S1377,17,Female,2.7,3.6,0.9,No,86.9,7.2,Good,2,High School,Poor,6,Yes,67.9,2.786377708978328
S1378,18,Male,1.7,1.0,1.7,No,78.4,7.8,Good,6,Bachelor,Good,6,No,63.6,1.923076923076923
S1379,17,Male,0.0,2.6,1.6,No,41.577518790571176,7.4,Good,5,High School,Average,3,No,32.9,0.0
S1380,24,Male,3.5,1.6,2.2,No,69.9,9.3,Good,0,Bachelor,Average,6,No,67.7,4.380475594493116
S1381,22,Female,6.5,1.0,3.4,No,97.8,5.9,Poor,4,Bachelor,Good,10,No,100.0,6.029684601113172
S1382,20,Male,6.0,2.2,2.8,Yes,83.1,7.6,Good,0,Bachelor,Average,6,No,96.8,6.44468313641246
S1383,21,Male,2.8,2.1,0.6,No,90.4,6.4,Good,2,High School,Poor,9,Yes,71.0,2.788844621513944
S1384,21,Female,2.6,5.4,3.3,No,87.2,8.0,Good,1,High School,Poor,9,No,59.8,2.674897119341564
S1385,24,Male,4.2,3.0,2.1,No,73.0,6.5,Poor,4,Bachelor,Poor,2,No,64.2,5.060240963855422
S1386,19,Female,2.0,0.8,2.6,No,34.89799392350585,6.0,Good,0,High School,Poor,4,No,45.2,4.454542007839958
S1387,23,Male,4.0,1.8,3.4,No,87.1,8.1,Good,1,Bachelor,Poor,9,Yes,82.9,4.11946446961895
S1388,17,Male,4.6,3.7,0.6,No,87.0,5.9,Good,3,High School,Average,4,Yes,73.2,4.742268041237113
S1389,17,Male,5.3,5.0,1.8,No,84.9,4.8,Poor,2,High School,Average,8,No,79.6,5.5848261327713375
S1390,19,Female,3.3,0.6,1.2,Yes,79.8,5.9,Good,2,High School,Good,10,No,73.0,3.6748329621380846
S1391,19,Female,3.2,0.2,0.1,Yes,87.2,7.2,Good,4,,Average,3,No,72.6,3.292181069958848
S1392,24,Female,2.2,4.7,2.2,No,39.52464910731848,8.2,Good,0,High School,Poor,3,No,45.2,4.4422323825710786
S1393,24,Male,2.3,3.0,4.6,No,67.5,6.6,Fair,3,Bachelor,Average,9,No,51.8,2.9677419354838706
S1394,19,Female,5.4,1.5,0.0,No,93.4,8.1,Good,5,Bachelor,Good,10,No,92.0,5.222437137330755
S1395,20,Male,4.1,3.1,1.8,No,82.5,4.9,Fair,4,High School,Good,8,No,77.8,4.4324324324324325
S1396,24,Male,4.9,0.0,2.5,Yes,87.6,6.0,Fair,5,Master,Average,1,No,97.2,5.02049180327869
S1397,22,Female,2.3,2.5,1.9,Yes,96.9,6.2,Fair,4,Bachelor,Good,10,Yes,71.9,2.151543498596819
S1398,24,Male,5.7,2.9,1.7,No,77.3,6.4,Good,0,Master,Good,2,Yes,69.1,6.529209621993127
S1399,17,Male,3.1,3.6,0.4,No,80.0,6.6,Poor,3,Bachelor,Good,3,Yes,59.6,3.4444444444444446
S1400,24,Male,3.5,1.3,2.1,No,79.9,7.3,Fair,0,Bachelor,Good,2,No,60.4,3.89321468298109
S1401,20,Male,2.4,2.6,1.0,No,32.05090880832409,6.0,Good,2,,Good,3,Yes,48.3,5.707367731193752
S1402,19,Male,0.0,1.4,0.0,No,81.5,6.7,Good,5,High School,Good,8,Yes,50.1,0.0
S1403,17,Female,4.8,2.8,3.1,No,92.7,6.4,Fair,1,,Good,6,No,74.9,4.673807205452774
S1404,24,Male,4.6,1.4,2.9,Yes,92.03776995425677,5.4,Good,6,Bachelor,Average,7,Yes,85.6,4.5081345878709085
S1405,20,Female,3.1,2.0,1.9,No,89.3,6.4,Good,2,High School,Good,10,Yes,65.4,3.121852970795569
S1406,22,Female,3.6,1.3,2.1,No,90.7387423014711,6.3,Poor,2,Bachelor,Good,10,Yes,82.4,3.573600302877147
S1407,24,Male,4.3,3.3,3.0,No,79.4,6.3,Fair,5,High School,Poor,6,Yes,67.3,4.809843400447427
S1408,20,Male,1.2,3.5,2.0,No,33.648005539488295,6.5,Poor,4,Bachelor,Good,1,No,34.3,2.7492665132530774
S1409,22,Male,2.7,2.2,2.8,No,100.0,6.6,Fair,2,High School,Average,3,No,53.0,2.4545454545454546
S1410,19,Female,4.7,2.5,1.5,No,82.3,6.0,Fair,6,High School,Average,1,No,78.0,5.092091007583966
S1411,24,Male,1.6,0.8,3.2,Yes,63.0,8.0,Good,3,High School,Good,10,No,58.2,2.1917808219178085
S1412,22,Female,3.9,2.1,2.2,No,65.0,5.1,Good,2,High School,Average,9,No,73.7,5.2
S1413,17,Male,1.5,2.4,2.0,Yes,85.3,5.6,Poor,3,High School,Average,9,No,60.3,1.5739769150052467
S1414,19,Female,4.2,5.6,0.4,No,91.1,9.8,Poor,0,Bachelor,Poor,5,Yes,78.7,4.154302670623146
S1415,17,Male,3.4,1.2,2.1,Yes,88.8,5.3,Fair,4,,Average,4,Yes,68.3,3.4412955465587043
S1416,21,Male,1.1,4.3,0.9,No,34.877307914713974,4.9,Fair,3,High School,Average,9,No,49.9,2.4511274207679064
S1417,18,Female,5.2,3.7,1.1,No,96.6,7.4,Fair,2,Bachelor,Average,9,Yes,100.0,4.878048780487805
S1418,24,Female,2.4,2.8,0.9,No,79.6,4.0,Good,4,,Average,3,Yes,54.7,2.678571428571429
S1419,22,Male,2.3,4.6,0.6,No,93.9,6.2,Good,6,Master,Good,5,No,58.7,2.2136669874879686
S1420,18,Female,3.8,2.9,4.1,Yes,68.7,9.1,Fair,4,Master,Good,3,No,70.8,4.8284625158831
S1421,18,Female,5.2,3.0,3.3,No,76.0,4.6,Good,3,,Poor,10,Yes,87.1,6.046511627906977
S1422,22,Female,2.0,2.4,3.9,No,66.9,4.1,Fair,3,High School,Good,2,Yes,29.5,2.600780234070221
S1423,19,Female,3.6,4.0,0.5,No,82.3,4.7,Good,1,High School,Poor,1,No,53.2,3.9003250270855907
S1424,24,Male,4.1,3.8,1.9,Yes,84.5,7.6,Fair,1,Bachelor,Poor,10,No,73.0,4.338624338624339
S1425,21,Male,4.5,1.7,0.4,No,86.1,7.8,Poor,4,Bachelor,Poor,2,Yes,71.1,4.682622268470343
S1426,17,Male,3.8,0.9,1.0,No,85.6,5.9,Good,5,Bachelor,Good,8,No,80.9,3.9748953974895396
S1427,20,Female,2.9,2.3,0.8,Yes,75.7,7.3,Fair,5,Bachelor,Good,8,No,75.1,3.38389731621937
S1428,17,Female,2.3,1.5,3.2,No,83.1,8.2,Good,1,High School,Average,3,No,52.4,2.4704618689581097
S1429,20,Male,3.6,2.4,1.4,No,70.0,8.6,Fair,2,Bachelor,Average,7,No,67.6,4.500000000000001
S1430,17,Male,1.9,4.0,3.0,No,46.818491778371495,6.2,Poor,0,Bachelor,Average,7,Yes,35.7,3.3439817575785304
S1431,22,Female,0.0,2.0,2.5,No,45.25410098396372,3.7,Poor,4,Bachelor,Average,2,No,29.9,0.0
S1432,21,Other,4.2,2.4,4.3,No,80.1,5.5,Fair,0,Master,Good,9,No,70.7,4.661487236403996
S1433,24,Female,4.9,2.6,0.2,No,100.0,6.0,Good,1,Bachelor,Average,3,Yes,89.3,4.454545454545454
S1434,20,Male,0.0,3.5,3.2,No,72.6,6.2,Fair,3,High School,Good,2,No,26.2,0.0
S1435,24,Male,2.0,0.0,3.1,No,73.7,6.3,Good,6,High School,Average,3,Yes,58.3,2.3894862604540026
S1436,24,Male,4.4,1.8,0.7,No,74.0,7.8,Good,4,High School,Good,2,Yes,78.4,5.238095238095239
S1437,24,Female,6.6,2.8,2.9,No,84.3,8.0,Good,1,,Good,8,No,100.0,6.998939554612938
S1438,23,Male,3.5,3.9,2.2,No,89.3,6.3,Fair,2,Master,Average,5,Yes,66.8,3.524672708962739
S1439,19,Female,2.4,1.9,1.5,No,92.4,7.8,Good,6,High School,Good,3,No,63.8,2.34375
S1440,17,Male,3.2,0.2,0.9,No,100.0,6.9,Fair,4,Bachelor,Good,5,No,76.1,2.909090909090909
S1441,24,Female,5.6,3.2,1.0,No,96.38292190775766,6.6,Fair,4,Bachelor,Average,8,No,82.7,5.2640028113306
S1442,17,Female,2.5,1.7,4.1,No,91.1,7.6,Poor,5,,Average,7,No,65.0,2.4727992087042536
S1443,24,Female,2.3,1.1,1.8,Yes,79.4,6.6,Fair,3,Master,Good,6,No,66.8,2.5727069351230423
S1444,20,Male,2.8,1.8,2.7,No,79.1,9.0,Poor,4,Master,Average,1,Yes,64.9,3.1425364758698096
S1445,19,Male,2.1,2.3,0.9,No,78.8,4.8,Good,3,Bachelor,Poor,10,No,63.1,2.3648648648648654
S1446,19,Male,3.7,1.8,0.9,Yes,75.9,5.9,Fair,1,High School,Average,1,No,56.3,4.307334109429569
S1447,22,Female,5.9,0.0,3.0,No,100.0,6.3,Fair,2,High School,Good,1,Yes,93.6,5.363636363636363
S1448,23,Female,4.0,3.6,0.3,No,93.4,7.0,Good,6,High School,Good,10,Yes,91.9,3.8684719535783363
S1449,22,Female,3.1,4.0,1.3,No,85.2,8.0,Fair,6,High School,Good,8,Yes,74.0,3.256302521008404
S1450,22,Female,3.1,3.3,1.8,No,98.5,6.5,Fair,2,Bachelor,Average,8,No,62.7,2.857142857142857
S1451,22,Female,1.2,1.1,1.9,No,69.9,4.8,Poor,4,Master,Poor,7,No,58.6,1.5018773466833542
S1452,22,Male,4.8,2.3,1.6,Yes,94.34294857093852,7.5,Good,4,Bachelor,Good,6,No,89.3,4.600215027215447
S1453,22,Female,3.4,2.5,2.2,No,63.2,7.4,Poor,1,Master,Good,4,No,63.4,4.644808743169399
S1454,21,Male,3.2,3.2,2.6,Yes,53.72984431720671,4.2,Fair,5,Bachelor,Poor,1,No,46.7,5.02119538229598
S1455,19,Male,8.3,3.3,2.6,Yes,86.6,6.5,Fair,5,High School,Average,9,No,100.0,8.592132505175984
S1456,22,Female,3.9,1.6,0.7,Yes,86.0,4.6,Good,5,Master,Poor,1,No,68.7,4.0625
S1457,24,Male,2.4,2.6,1.5,No,86.5,5.7,Good,3,High School,Good,4,No,58.9,2.4870466321243523
S1458,19,Male,2.9,3.0,3.1,No,70.9,5.4,Good,5,Master,Good,3,No,59.0,3.584672435105068
S1459,19,Female,5.2,4.2,2.8,Yes,93.0,7.5,Poor,2,High School,Good,7,No,77.9,5.048543689320389
S1460,18,Male,3.7,3.3,0.3,Yes,87.4,6.6,Fair,6,High School,Good,5,No,72.3,3.7987679671457903
S1461,21,Female,1.3,3.4,2.2,No,38.39086200364958,5.0,Fair,6,Master,Poor,5,No,49.7,2.686457620659776
S1462,22,Male,4.9,2.6,0.0,Yes,91.8302349167013,7.6,Poor,3,Bachelor,Good,4,No,80.9,4.811930370197294
S1463,17,Male,2.5,4.2,1.9,Yes,43.25076141094658,4.8,Fair,1,Master,Good,1,No,44.5,4.69476855120814
S1464,20,Male,6.3,3.0,3.9,Yes,93.12409472797526,6.9,Fair,2,Master,Average,5,No,85.3,6.109144537577163
S1465,23,Male,5.1,1.5,0.8,No,81.0,5.5,Fair,6,,Good,4,No,83.2,5.604395604395604
S1466,24,Female,2.8,4.2,0.9,No,90.3,6.1,Good,2,Bachelor,Average,10,No,59.7,2.7916251246261212
S1467,17,Male,5.4,3.3,2.6,No,85.9,7.1,Fair,6,High School,Good,8,No,98.1,5.630865484880084
S1468,21,Female,3.6,2.0,0.1,No,76.5,7.1,Good,0,Bachelor,Good,2,Yes,66.8,4.1618497109826595
S1469,20,Male,4.8,1.9,1.1,No,85.1,8.1,Fair,1,Bachelor,Good,8,Yes,96.1,5.047318611987381
S1470,21,Female,4.2,2.9,2.5,No,69.7,6.4,Fair,1,High School,Good,1,No,60.4,5.269761606022585
S1471,24,Female,2.2,3.1,1.1,No,51.989648290673735,6.9,Fair,0,Bachelor,Poor,4,No,33.8,3.548979645253105
S1472,19,Female,2.5,2.7,1.5,No,82.9,6.0,Poor,3,Bachelor,Average,3,No,56.1,2.6910656620021527
S1473,20,Male,5.0,2.9,2.6,No,96.2,6.7,Poor,6,High School,Average,5,No,80.6,4.708097928436911
S1474,19,Male,3.0,4.5,2.3,Yes,79.7,7.0,Fair,6,Bachelor,Good,5,No,52.6,3.3444816053511706
S1475,24,Male,2.9,3.8,2.1,No,79.8,6.4,Good,6,Bachelor,Good,5,Yes,52.1,3.229398663697105
S1476,17,Female,2.1,2.7,1.4,No,52.38877576561808,4.3,Good,5,Master,Good,4,Yes,39.9,3.3659900747039377
S1477,24,Male,4.1,3.6,2.2,No,93.8,6.9,Poor,5,High School,Poor,8,No,84.0,3.9499036608863194
S1478,17,Female,6.9,1.3,1.7,No,95.1,6.9,Good,5,High School,Good,3,Yes,97.7,6.565176022835396
S1479,20,Female,1.9,3.0,2.3,No,44.304277311245414,5.7,Good,5,Bachelor,Good,4,No,43.3,3.498803582469451
S1480,20,Male,3.5,4.7,1.3,Yes,81.2,5.0,Good,5,,Good,1,No,55.9,3.837719298245614
S1481,22,Female,5.6,2.2,1.6,No,90.79407404388348,8.3,Good,0,Master,Poor,7,No,84.6,5.555882181686479
S1482,21,Male,3.4,1.5,0.7,No,79.3,7.1,Fair,1,,Poor,1,No,67.0,3.807390817469205
S1483,22,Male,4.2,1.7,1.8,No,73.2,6.2,Fair,3,Bachelor,Poor,2,No,76.0,5.048076923076923
S1484,21,Female,1.9,1.2,0.9,No,85.3,5.1,Fair,2,Bachelor,Good,7,Yes,56.9,1.993704092339979
S1485,22,Female,4.1,1.6,0.6,No,73.1,5.5,Fair,5,High School,Good,1,No,77.5,4.9338146811070995
S1486,19,Female,3.2,2.1,2.1,No,94.3,8.1,Fair,0,,Good,3,No,69.4,3.0680728667305854
S1487,20,Male,5.0,0.8,2.0,No,84.1,6.7,Fair,6,Bachelor,Average,6,Yes,94.6,5.313496280552604
S1488,17,Male,5.3,2.5,2.7,Yes,83.2,5.8,Good,3,Bachelor,Average,6,Yes,93.4,5.686695278969957
S1489,21,Female,7.4,3.6,1.3,No,91.6,7.1,Good,3,High School,Good,6,Yes,100.0,7.283464566929134
S1490,24,Female,4.4,1.4,2.2,No,94.6,5.5,Good,3,Master,Good,2,Yes,63.6,4.2065009560229445
S1491,21,Female,4.0,4.3,2.4,No,84.8,8.3,Good,0,High School,Good,2,No,53.0,4.219409282700422
S1492,17,Male,3.8,3.1,2.3,No,77.3,8.1,Good,2,High School,Good,6,No,67.8,4.352806414662084
S1493,22,Female,3.0,3.7,0.9,No,67.3,5.9,Poor,5,Bachelor,Average,10,No,73.9,3.88098318240621
S1494,21,Male,4.0,1.7,2.0,No,78.1,5.7,Fair,3,High School,Good,5,No,66.5,4.540295119182748
S1495,23,Male,3.1,3.5,2.2,No,48.454737642352434,3.4,Fair,0,Master,Good,7,No,49.9,5.303248504795178
S1496,19,Female,3.8,1.2,1.8,No,86.1,4.7,Good,6,High School,Average,7,No,73.9,3.954214360041623
S1497,20,Male,5.5,3.6,0.0,No,81.5,4.9,Fair,1,,Average,5,No,80.3,6.010928961748634
S1498,17,Female,2.0,2.7,2.0,No,91.9,6.7,Good,6,High School,Average,8,No,71.7,1.9627085377821392
S1499,20,Male,5.2,3.2,4.2,Yes,78.9,6.1,Poor,0,Bachelor,Poor,10,No,83.3,5.849268841394826
S1500,23,Male,5.5,1.1,1.4,No,84.4,4.9,Fair,0,Bachelor,Good,6,No,84.5,5.826271186440677
S1501,21,Female,3.3,1.4,1.0,No,96.8,6.2,Good,0,Bachelor,Poor,5,No,74.9,3.089887640449438
S1502,21,Female,0.3,3.2,2.2,No,43.82056287070366,7.1,Poor,3,,Average,4,Yes,34.0,0.5574077713024069
S1503,24,Female,2.6,1.4,2.1,Yes,84.4,7.1,Fair,0,High School,Average,7,No,63.0,2.754237288135593
S1504,23,Female,5.4,3.1,3.1,No,79.0,4.2,Fair,1,Bachelor,Good,4,No,77.9,6.067415730337079
S1505,17,Female,3.5,0.9,0.4,No,78.7,6.3,Fair,3,,Average,5,Yes,72.9,3.9458850056369785
S1506,24,Female,2.0,3.5,2.6,No,76.5,4.8,Good,6,Master,Good,5,No,53.2,2.3121387283236996
S1507,19,Female,2.7,1.0,2.4,No,79.6,7.6,Fair,1,,Poor,1,No,57.3,3.0133928571428577
S1508,24,Male,4.8,3.2,1.6,No,92.6,7.4,Fair,4,Bachelor,Poor,1,Yes,76.6,4.678362573099415
S1509,18,Female,4.3,3.3,2.2,No,82.8,5.4,Poor,6,High School,Average,3,No,64.6,4.633620689655173
S1510,17,Male,3.1,1.7,2.9,Yes,71.5,5.6,Good,0,Bachelor,Average,3,Yes,51.1,3.8036809815950923
S1511,18,Other,2.9,3.2,2.8,No,100.0,5.9,Fair,5,High School,Average,2,No,63.0,2.6363636363636362
S1512,23,Female,2.9,2.8,0.5,No,88.2,3.8,Good,5,,Poor,2,Yes,61.6,2.9531568228105907
S1513,22,Male,2.1,1.9,2.7,Yes,70.9,6.9,Good,3,High School,Good,6,No,62.5,2.595797280593325
S1514,18,Female,5.9,1.3,1.7,No,80.6,6.2,Fair,5,High School,Good,1,Yes,87.1,6.512141280353202
S1515,19,Female,3.0,0.1,1.9,No,86.1,7.7,Good,6,High School,Poor,6,Yes,82.5,3.121748178980229
S1516,24,Male,5.3,2.9,1.9,No,100.0,5.2,Good,3,Bachelor,Poor,5,Yes,80.9,4.8181818181818175
S1517,22,Female,5.8,0.6,1.6,No,96.4463198187712,5.8,Fair,6,Bachelor,Good,6,No,100.0,5.448755776502856
S1518,24,Female,5.0,2.6,3.1,No,94.8,4.7,Poor,0,Bachelor,Good,5,No,79.6,4.770992366412213
S1519,18,Male,2.9,2.2,1.7,Yes,99.0,5.3,Good,2,Bachelor,Average,7,No,71.2,2.660550458715596
S1520,24,Female,4.1,3.3,0.6,Yes,78.7,5.1,Good,2,Bachelor,Good,1,No,62.7,4.622322435174746
S1521,23,Male,3.5,2.1,1.4,No,82.2,7.7,Fair,1,High School,Good,3,No,64.2,3.796095444685466
S1522,22,Female,2.1,2.1,2.0,No,74.6,5.7,Fair,0,High School,Good,6,Yes,44.1,2.4822695035460995
S1523,23,Other,4.0,3.4,3.2,No,83.0,6.6,Good,5,High School,Average,1,No,61.7,4.301075268817205
S1524,18,Female,1.7,2.9,2.5,No,30.279963312369137,6.0,Good,0,Bachelor,Average,7,Yes,39.9,4.22046064644246
S1525,23,Male,5.3,2.9,0.9,No,91.6,5.0,Good,4,High School,Poor,4,No,84.1,5.216535433070866
S1526,19,Female,2.8,3.1,4.5,No,40.76909056176575,6.3,Fair,2,,Good,3,No,40.7,5.515166746178988
S1527,18,Female,3.8,0.7,2.1,No,77.5,7.2,Good,5,Bachelor,Good,10,No,81.8,4.3428571428571425
S1528,18,Male,3.9,3.4,3.2,No,65.3,5.1,Fair,6,High School,Average,9,Yes,77.0,5.179282868525896
S1529,18,Female,3.1,3.2,1.6,No,84.8,7.5,Fair,6,Master,Good,1,No,65.7,3.2700421940928273
S1530,17,Male,4.4,1.3,2.4,No,87.9,5.5,Good,2,Master,Good,8,Yes,80.9,4.49438202247191
S1531,24,Female,2.8,2.2,2.7,No,43.466579120640326,5.9,Good,0,,Good,1,Yes,47.4,5.236916305571312
S1532,17,Male,4.8,2.5,3.1,Yes,81.7,7.1,Fair,5,High School,Good,5,Yes,83.0,5.234460196292257
S1533,17,Male,1.5,2.3,3.0,No,86.2,5.7,Fair,1,High School,Good,10,No,54.2,1.5592515592515592
S1534,19,Male,3.7,2.9,2.8,No,100.0,6.5,Good,6,Bachelor,Average,8,No,82.5,3.3636363636363633
S1535,22,Female,6.4,4.2,1.5,Yes,88.8,6.1,Fair,0,High School,Good,6,No,85.0,6.477732793522268
S1536,24,Male,2.0,3.8,1.2,No,44.841001146881005,6.7,Good,1,Bachelor,Good,7,Yes,40.4,3.646906435284409
S1537,23,Female,2.5,0.9,2.2,Yes,80.0,3.6,Good,5,Bachelor,Average,8,No,58.9,2.7777777777777777
S1538,21,Male,4.3,3.2,2.8,No,83.3,4.3,Poor,2,High School,Poor,6,No,67.5,4.608788853161844
S1539,18,Male,3.8,4.1,1.6,No,100.0,7.2,Good,4,,Good,6,Yes,81.0,3.454545454545454
S1540,23,Female,4.0,3.0,3.0,No,83.2,7.7,Good,3,Bachelor,Average,6,Yes,74.7,4.291845493562231
S1541,18,Female,4.2,3.8,3.4,Yes,84.8,5.4,Good,2,High School,Good,5,No,67.4,4.4303797468354436
S1542,19,Male,4.5,4.9,0.8,No,80.2,6.2,Good,1,Bachelor,Poor,8,No,72.2,4.988913525498891
S1543,18,Female,5.2,3.7,0.9,No,96.0,6.9,Good,0,High School,Poor,2,No,77.1,4.90566037735849
S1544,17,Female,4.1,2.8,1.6,No,100.0,7.3,Poor,6,Bachelor,Average,7,No,87.9,3.7272727272727266
S1545,24,Female,3.1,3.8,2.1,No,89.5,4.1,Fair,5,Master,Average,4,Yes,54.1,3.1155778894472363
S1546,21,Male,4.5,2.7,1.2,Yes,85.8,5.4,Good,2,Master,Good,1,Yes,62.9,4.697286012526096
S1547,20,Male,6.3,2.5,3.3,No,85.4,6.1,Fair,6,High School,Good,5,No,95.6,6.603773584905659
S1548,18,Female,3.3,2.1,2.3,No,61.2,7.3,Poor,6,High School,Poor,3,No,67.1,4.634831460674158
S1549,23,Male,2.0,4.4,1.8,No,92.5,9.5,Good,4,Bachelor,Average,4,No,51.5,1.9512195121951217
S1550,17,Female,5.2,1.5,0.2,Yes,86.3,6.2,Good,5,High School,Average,7,No,97.9,5.399792315680166
S1551,20,Female,3.3,4.3,0.4,Yes,89.3,4.8,Poor,1,High School,Average,5,No,67.0,3.323262839879154
S1552,21,Female,0.2,3.1,2.1,Yes,36.68468324472781,7.0,Good,5,Master,Good,4,Yes,31.5,0.42840603405526245
S1553,20,Female,5.5,0.8,0.0,No,92.4,8.1,Good,5,High School,Average,1,No,88.0,5.37109375
S1554,17,Other,2.7,2.9,2.9,No,80.9,6.6,Fair,0,,Poor,6,No,53.4,2.9702970297029703
S1555,24,Male,3.4,0.0,1.6,No,95.2,5.4,Good,3,,Average,10,Yes,83.4,3.2319391634980987
S1556,24,Female,4.0,3.3,5.4,No,81.2,7.6,Fair,6,Bachelor,Poor,6,No,79.0,4.385964912280701
S1557,22,Male,3.8,3.6,4.3,No,100.0,7.3,Poor,1,Bachelor,Poor,7,Yes,69.9,3.454545454545454
S1558,24,Male,4.6,1.8,1.6,No,89.3,5.3,Fair,0,High School,Average,1,Yes,60.1,4.6324269889224565
S1559,22,Female,2.8,2.6,1.7,No,72.2,7.0,Fair,6,High School,Good,4,No,70.3,3.40632603406326
S1560,20,Female,4.3,4.8,2.9,Yes,83.7,7.7,Fair,3,High School,Good,9,No,79.8,4.589114194236926
S1561,19,Other,3.1,1.9,3.7,No,78.5,7.9,Good,0,Bachelor,Good,10,Yes,66.6,3.5028248587570623
S1562,23,Female,4.6,1.2,0.0,No,89.81667381202851,6.4,Good,3,,Average,6,No,91.7,4.608448492946748
S1563,23,Male,4.4,4.3,0.0,Yes,100.0,6.1,Fair,3,Master,Average,2,No,70.1,4.0
S1564,20,Male,2.1,4.9,1.1,No,92.0,8.0,Good,3,High School,Average,4,No,61.5,2.058823529411765
S1565,18,Female,5.1,2.5,2.4,No,90.3,5.0,Poor,0,Master,Good,6,No,79.3,5.084745762711863
S1566,18,Male,2.7,3.7,2.3,No,86.7,7.0,Poor,5,High School,Good,4,Yes,63.9,2.7921406411582215
S1567,24,Male,4.7,4.1,3.0,No,88.25957099509344,4.9,Good,3,Bachelor,Poor,10,Yes,93.1,4.783249053911189
S1568,23,Male,4.1,1.6,0.5,No,80.2,7.8,Poor,5,High School,Poor,7,Yes,89.8,4.545454545454545
S1569,23,Male,6.3,1.9,0.0,No,93.4,6.2,Fair,6,,Good,3,Yes,100.0,6.0928433268858795
S1570,22,Male,3.2,4.0,2.7,No,74.5,8.0,Good,6,Master,Good,6,Yes,61.8,3.7869822485207103
S1571,19,Male,3.0,4.5,0.9,No,59.7,7.1,Fair,1,Master,Good,4,Yes,51.5,4.304160688665711
S1572,17,Male,3.5,3.2,0.0,No,82.7,5.0,Good,4,High School,Good,3,No,60.4,3.7756202804746493
S1573,18,Male,3.0,1.4,2.0,No,83.6,8.2,Fair,5,Bachelor,Good,3,No,67.2,3.2051282051282053
S1574,23,Other,4.7,4.9,2.7,No,86.4,8.4,Poor,6,Bachelor,Average,2,No,89.6,4.87551867219917
S1575,22,Male,1.1,1.9,1.7,No,41.62964085694364,7.6,Fair,4,Master,Good,3,Yes,48.3,2.1305590775808425
S1576,21,Male,1.9,2.1,1.3,No,91.4,5.6,Fair,3,High School,Good,10,No,61.7,1.8737672583826428
S1577,22,Female,1.9,2.9,1.6,Yes,53.41643950287676,6.1,Fair,4,Bachelor,Good,1,Yes,44.4,2.9960685508271245
S1578,18,Male,4.9,4.4,1.4,Yes,97.0,6.7,Fair,4,High School,Average,3,No,77.2,4.579439252336448
S1579,18,Female,6.1,3.5,0.3,Yes,90.16713403681742,5.7,Good,3,High School,Average,9,Yes,100.0,6.089821834932288
S1580,22,Female,3.3,3.0,1.0,No,90.0,8.5,Good,5,Master,Average,4,No,73.0,3.3
S1581,17,Male,3.2,3.1,2.4,No,91.3,6.7,Fair,3,High School,Average,3,No,68.5,3.1589338598223105
S1582,20,Male,3.6,2.6,2.2,No,72.6,3.3,Fair,1,High School,Good,8,No,61.0,4.358353510895884
S1583,18,Female,5.2,3.2,2.0,No,70.0,6.9,Fair,2,Bachelor,Poor,1,Yes,70.5,6.500000000000001
S1584,22,Female,2.1,0.0,0.7,No,77.5,6.1,Good,0,Bachelor,Average,5,No,52.5,2.4
S1585,23,Male,3.9,2.1,1.6,No,78.4,6.4,Good,3,High School,Good,1,No,62.8,4.411764705882352
S1586,22,Female,5.0,2.8,0.0,Yes,92.5,6.1,Fair,3,High School,Poor,7,Yes,83.5,4.878048780487804
S1587,19,Male,4.3,1.1,2.0,No,78.9,7.5,Good,4,Master,Average,5,No,71.4,4.83689538807649
S1588,20,Other,3.8,3.0,3.4,No,76.4,7.8,Fair,1,High School,Average,2,No,61.5,4.398148148148148
S1589,21,Male,5.0,2.3,0.2,No,78.9,6.8,Poor,6,Bachelor,Good,1,No,75.4,5.62429696287964
S1590,17,Female,0.0,4.6,1.2,No,59.10445753320364,6.1,Poor,6,Bachelor,Average,7,No,42.0,0.0
S1591,24,Female,4.5,4.4,2.2,No,85.1,6.5,Fair,4,High School,Good,1,No,64.0,4.73186119873817
S1592,21,Female,2.5,1.9,3.2,Yes,83.2,6.5,Fair,5,Master,Average,3,No,60.1,2.6824034334763946
S1593,20,Female,0.8,2.3,1.3,Yes,38.043939940266725,5.5,Poor,3,Bachelor,Good,6,No,34.7,1.6651423696612813
S1594,20,Male,5.8,2.4,1.0,Yes,98.5,7.2,Good,3,High School,Average,6,No,88.0,5.345622119815668
S1595,20,Male,5.6,2.0,0.0,No,77.5,7.1,Fair,4,Bachelor,Average,7,No,100.0,6.3999999999999995
S1596,21,Male,3.3,2.7,1.9,No,98.2,8.3,Fair,3,Bachelor,Poor,1,No,66.1,3.049907578558225
S1597,23,Male,4.9,1.6,4.0,No,87.1,8.0,Fair,5,Bachelor,Poor,7,No,95.5,5.0463439752832135
S1598,20,Female,5.9,1.1,2.1,Yes,83.4,5.7,Poor,2,Master,Average,2,Yes,86.4,6.316916488222698
S1599,22,Male,5.5,3.2,1.8,No,100.0,7.5,Fair,0,High School,Poor,6,No,77.3,5.0
S1600,21,Male,6.0,3.3,2.2,No,96.83507940714442,5.4,Fair,0,High School,Average,8,Yes,90.2,5.616132859446126
S1601,24,Other,4.6,1.5,1.8,No,81.5,7.3,Fair,0,High School,Good,5,Yes,80.2,5.027322404371585
S1602,20,Female,3.6,3.6,0.9,No,72.7,5.9,Poor,2,,Average,10,Yes,72.9,4.353083434099154
S1603,22,Female,1.1,1.7,2.7,No,31.808522243938057,5.3,Fair,3,,Average,3,No,35.8,2.631042526645371
S1604,23,Other,3.1,2.8,2.0,No,100.0,6.8,Poor,4,Master,Good,8,Yes,72.8,2.818181818181818
S1605,19,Male,2.2,3.5,1.8,No,100.0,3.3,Good,6,Bachelor,Good,8,No,67.6,2.0
S1606,23,Male,6.8,2.5,0.7,No,97.2,4.4,Good,1,Bachelor,Poor,4,No,93.1,6.343283582089552
S1607,24,Female,3.2,3.0,3.2,No,83.0,6.3,Poor,3,Bachelor,Average,8,Yes,57.5,3.440860215053764
S1608,20,Female,3.7,1.9,2.5,No,81.3,6.6,Fair,2,Bachelor,Good,5,Yes,61.1,4.052573932092005
S1609,24,Male,4.3,2.3,1.2,No,68.3,6.1,Poor,5,High School,Poor,5,No,77.4,5.491698595146872
S1610,21,Female,3.6,2.3,2.9,No,100.0,4.6,Fair,2,Master,Good,3,No,69.6,3.2727272727272725
S1611,18,Male,6.0,1.6,1.3,No,89.7,5.5,Fair,6,High School,Poor,7,No,100.0,6.018054162487463
S1612,20,Male,2.6,2.3,0.9,No,80.1,7.0,Fair,0,Master,Good,9,No,69.3,2.8856825749167596
S1613,18,Female,3.8,0.6,1.0,No,98.3,7.2,Fair,3,Bachelor,Average,9,No,85.7,3.508771929824561
S1614,22,Female,2.4,1.9,0.0,No,75.3,6.5,Good,6,High School,Good,1,No,53.9,2.8135990621336457
S1615,19,Female,1.5,2.2,2.3,No,35.73745189714174,7.9,Fair,0,Bachelor,Average,1,No,43.7,3.2795880351474924
S1616,17,Male,2.6,2.2,0.0,No,83.3,7.0,Fair,1,Bachelor,Good,10,No,79.3,2.786709539121115
S1617,24,Female,3.4,2.2,0.4,No,91.4,5.6,Fair,5,High School,Poor,5,No,71.3,3.353057199211045
S1618,23,Male,2.9,2.4,0.0,No,84.4,6.2,Good,0,Bachelor,Average,1,Yes,61.4,3.0720338983050843
S1619,19,Male,2.5,3.1,1.7,No,70.5,4.8,Good,1,High School,Good,4,No,45.1,3.1055900621118013
S1620,20,Female,1.4,3.5,1.6,No,40.74893025262965,6.4,Fair,2,,Average,1,No,39.8,2.758678839200667
S1621,18,Female,3.4,1.7,1.4,No,95.5,7.8,Good,0,Master,Good,2,No,70.7,3.2227488151658767
S1622,23,Female,1.2,1.1,0.7,No,58.61253106676503,7.3,Fair,0,Bachelor,Average,2,Yes,35.6,1.7489516584547973
S1623,18,Female,4.6,1.2,0.5,No,92.8,8.2,Good,4,Master,Good,4,No,93.0,4.474708171206225
S1624,21,Female,3.6,1.9,2.3,No,92.41372980186883,6.1,Good,5,Bachelor,Average,8,Yes,83.2,3.5151536878547587
S1625,18,Female,1.3,2.1,1.2,No,56.69142419963006,8.1,Poor,5,High School,Good,2,Yes,46.6,1.9492761109864127
S1626,21,Male,3.0,1.6,2.1,No,78.8,6.3,Good,6,Bachelor,Good,9,Yes,70.8,3.378378378378379
S1627,22,Male,2.4,0.9,0.8,No,92.5,8.3,Fair,2,Bachelor,Average,9,No,78.3,2.3414634146341458
S1628,23,Male,4.0,2.0,2.0,No,85.3,6.5,Fair,4,Master,Good,2,Yes,70.7,4.197271773347325
S1629,23,Male,5.5,2.7,3.2,Yes,91.9,7.3,Fair,6,High School,Good,1,No,82.6,5.397448478900882
S1630,17,Female,0.7,3.2,2.4,No,95.9,8.3,Good,1,Master,Average,10,Yes,50.3,0.6610009442870631
S1631,20,Female,3.7,1.8,1.3,No,91.9,6.3,Fair,6,Master,Good,10,No,80.9,3.6310107948969574
S1632,21,Male,3.3,2.0,2.1,No,87.7,6.8,Poor,1,Bachelor,Poor,9,Yes,75.4,3.377686796315251
S1633,17,Male,4.5,1.4,1.5,No,75.0,8.0,Good,2,Master,Good,2,Yes,83.7,5.294117647058823
S1634,18,Female,3.8,2.5,1.8,No,85.0,6.3,Poor,5,High School,Average,8,No,76.8,4.0
S1635,18,Male,2.4,1.5,1.4,No,51.97219779344992,4.9,Poor,1,Master,Poor,3,No,45.8,3.8727043504235135
S1636,17,Female,3.0,3.2,1.6,No,81.6,9.1,Fair,2,Bachelor,Average,1,Yes,58.4,3.275109170305677
S1637,23,Female,2.3,0.4,2.0,No,81.3,5.9,Fair,6,,Good,1,Yes,70.3,2.5191675794085433
S1638,18,Female,5.1,2.1,0.7,Yes,75.2,6.7,Fair,1,Master,Good,10,Yes,99.4,5.985915492957746
S1639,24,Female,3.5,2.9,0.7,No,65.4,7.9,Poor,3,High School,Good,2,No,62.9,4.641909814323608
S1640,22,Female,6.4,2.7,0.3,Yes,78.3,5.8,Good,0,High School,Average,7,No,98.0,7.248018120045302
S1641,22,Male,3.4,5.7,0.0,No,86.9,5.3,Good,6,Bachelor,Poor,6,No,74.7,3.508771929824561
S1642,24,Female,2.4,2.9,0.5,No,71.5,6.8,Fair,5,High School,Good,2,Yes,50.4,2.9447852760736195
S1643,17,Female,1.2,1.3,2.0,No,35.83506551808088,4.3,Fair,6,High School,Good,4,No,49.4,2.6180828726570216
S1644,24,Male,0.8,2.4,0.8,No,47.05488381201221,6.2,Fair,3,Bachelor,Average,2,Yes,35.3,1.4021586699499506
S1645,21,Female,1.1,0.4,2.4,Yes,44.10286323048937,6.8,Good,2,,Average,1,Yes,46.3,2.0331641142794474
S1646,21,Female,3.9,2.4,1.8,No,100.0,6.2,Poor,2,High School,Average,3,No,68.4,3.545454545454545
S1647,17,Female,4.3,1.5,0.0,No,88.9,4.6,Poor,6,,Average,4,No,84.2,4.3478260869565215
S1648,24,Female,1.1,3.6,2.5,No,96.7,8.4,Good,3,High School,Good,10,Yes,54.6,1.0309278350515463
S1649,21,Female,4.8,1.8,2.7,No,77.8,6.6,Fair,6,Bachelor,Average,5,No,88.0,5.466970387243736
S1650,23,Female,2.8,2.4,0.7,No,78.6,8.2,Fair,0,Bachelor,Good,5,No,61.5,3.160270880361174
S1651,24,Female,3.7,1.7,2.3,Yes,57.6,6.2,Good,0,Master,Average,7,No,75.7,5.4733727810650885
S1652,23,Female,5.9,4.6,0.9,No,96.9,5.4,Good,4,Bachelor,Average,10,No,100.0,5.519176800748363
S1653,21,Female,4.8,2.1,1.9,No,100.0,6.8,Fair,1,High School,Good,8,No,82.6,4.363636363636363
S1654,22,Female,3.1,4.7,0.4,No,79.5,6.2,Good,4,Master,Good,9,No,71.5,3.463687150837989
S1655,21,Female,2.2,3.5,0.0,No,82.5,5.1,Poor,0,Bachelor,Average,7,No,57.6,2.378378378378379
S1656,23,Male,0.3,3.1,1.4,Yes,36.87948428963852,8.3,Good,3,Bachelor,Good,5,No,36.1,0.6399387803553699
S1657,19,Female,2.4,2.9,1.7,No,88.8,5.8,Fair,1,Bachelor,Average,9,Yes,67.4,2.42914979757085
S1658,20,Female,3.2,3.0,1.4,Yes,96.2,4.3,Good,3,Master,Good,8,No,74.8,3.0131826741996233
S1659,18,Male,2.0,0.2,0.5,No,67.6,8.1,Good,4,Bachelor,Average,10,Yes,73.6,2.577319587628866
S1660,24,Female,3.3,2.2,1.4,No,89.1,5.9,Good,2,High School,Good,9,Yes,79.5,3.3299697275479314
S1661,19,Male,3.6,3.5,2.1,No,82.2,5.8,Good,3,Bachelor,Poor,10,No,62.5,3.9045553145336225
S1662,21,Male,3.2,2.4,1.8,No,86.1,4.4,Fair,4,,Average,8,Yes,76.3,3.329864724245578
S1663,22,Female,2.5,0.8,2.0,No,89.6,8.6,Fair,4,High School,Good,6,No,75.6,2.5100401606425704
S1664,17,Male,3.8,2.4,1.1,No,83.1,5.0,Fair,4,High School,Good,4,No,64.4,4.081632653061225
S1665,21,Female,4.2,4.5,3.1,No,84.0,6.6,Good,2,High School,Average,9,No,75.3,4.468085106382979
S1666,22,Female,1.9,4.0,0.5,Yes,82.9,7.6,Good,2,,Average,9,Yes,50.4,2.045209903121636
S1667,20,Female,5.6,2.4,2.3,No,94.7,7.0,Fair,6,High School,Average,10,Yes,100.0,5.348615090735433
S1668,21,Male,3.4,3.6,3.1,No,89.2,6.4,Good,2,Bachelor,Good,10,No,76.4,3.4274193548387095
S1669,23,Male,3.5,2.1,2.3,No,87.2,4.5,Good,1,Bachelor,Good,9,No,69.9,3.60082304526749
S1670,17,Female,4.6,0.5,1.6,No,91.01510501804398,5.5,Good,2,Master,Good,10,Yes,88.9,4.553774407479275
S1671,22,Other,3.8,1.4,1.2,No,81.2,6.7,Good,2,High School,Average,3,Yes,70.4,4.166666666666666
S1672,22,Female,4.9,4.4,2.9,No,94.0,5.6,Fair,2,Bachelor,Good,3,No,69.4,4.711538461538462
S1673,22,Male,3.9,2.2,0.2,No,85.4,6.7,Poor,3,Master,Average,6,Yes,84.9,4.088050314465408
S1674,20,Female,2.6,2.2,0.7,No,91.6,7.3,Poor,2,High School,Poor,6,No,63.6,2.559055118110236
S1675,21,Female,4.0,2.1,1.4,No,100.0,7.7,Fair,1,Bachelor,Good,6,No,82.2,3.6363636363636362
S1676,20,Female,1.8,4.8,3.2,No,45.43472386354803,5.0,Good,4,Bachelor,Good,5,No,37.4,3.2470622644945077
S1677,24,Male,3.7,4.5,2.2,No,85.9,9.1,Good,3,,Good,5,No,73.8,3.8581856100104273
S1678,18,Female,3.5,5.2,0.7,Yes,79.9,7.4,Good,0,Master,Good,2,Yes,53.4,3.89321468298109
S1679,18,Female,3.2,2.3,1.5,No,59.5,6.5,Good,2,Bachelor,Good,7,No,64.2,4.604316546762591
S1680,24,Other,3.3,2.9,1.1,No,83.3,7.8,Poor,6,,Good,4,No,70.4,3.536977491961415
S1681,21,Male,0.7,0.7,1.0,No,81.7,9.3,Poor,6,,Average,3,No,51.5,0.7633587786259541
S1682,23,Female,2.7,4.3,2.9,No,88.9,4.8,Poor,4,,Average,8,No,53.4,2.730030333670374
S1683,20,Female,3.6,1.1,0.3,Yes,83.5,6.2,Fair,4,High School,Good,4,No,77.2,3.8502673796791447
S1684,17,Male,3.7,2.8,3.6,No,81.8,3.6,Fair,3,Bachelor,Good,4,Yes,59.8,4.030501089324619
S1685,22,Female,2.0,1.2,2.7,No,67.2,6.7,Poor,6,Bachelor,Average,8,No,55.4,2.5906735751295336
S1686,22,Female,5.4,1.8,3.0,Yes,75.6,6.9,Fair,0,High School,Average,1,No,69.9,6.3084112149532725
S1687,21,Male,2.2,1.5,1.3,Yes,89.8,6.5,Poor,5,Master,Average,9,No,71.6,2.2044088176352705
S1688,23,Male,5.0,1.8,1.6,No,100.0,5.7,Good,6,High School,Poor,7,No,92.9,4.545454545454545
S1689,18,Female,4.1,1.9,0.2,No,84.0,4.0,Fair,6,,Good,2,No,72.4,4.361702127659575
S1690,18,Male,2.5,1.8,1.2,Yes,88.3,6.9,Fair,1,High School,Average,6,No,70.5,2.5432349949135302
S1691,22,Female,6.2,3.5,2.3,No,94.5,8.2,Fair,5,Bachelor,Good,8,No,100.0,5.933014354066986
S1692,21,Male,1.7,1.2,3.2,No,58.75810542521681,5.8,Good,4,High School,Average,5,Yes,37.4,2.4724357797335856
S1693,20,Female,4.9,2.8,0.6,No,88.7,7.0,Fair,5,High School,Average,6,No,88.7,4.964539007092199
S1694,18,Male,5.0,4.0,1.4,No,77.6,4.6,Fair,6,High School,Poor,10,No,88.6,5.7077625570776265
S1695,20,Female,2.5,1.9,1.6,No,93.6,7.0,Good,4,Bachelor,Good,8,No,68.5,2.413127413127413
S1696,23,Other,5.6,1.6,0.3,No,86.5,6.0,Fair,5,Master,Good,6,No,100.0,5.803108808290156
S1697,18,Other,3.1,2.2,2.5,No,88.0,5.6,Good,4,High School,Good,9,No,66.9,3.163265306122449
S1698,18,Female,3.9,3.9,1.0,No,77.2,5.6,Fair,4,High School,Poor,9,No,71.5,4.472477064220183
S1699,19,Male,3.9,2.7,1.6,No,92.1,6.0,Fair,3,Bachelor,Average,9,No,77.8,3.8197845249755145
S1700,18,Female,3.3,1.9,1.3,No,100.0,7.0,Poor,0,Bachelor,Poor,6,Yes,67.7,2.9999999999999996
S1701,24,Male,4.7,3.1,0.9,No,94.56167084664952,4.9,Good,4,High School,Average,9,Yes,96.4,4.494954950455062
S1702,17,Male,4.7,1.2,1.8,No,81.6,6.0,Fair,1,Master,Good,3,No,83.1,5.131004366812228
S1703,24,Male,0.9,3.3,1.6,Yes,36.926830672732706,6.5,Poor,6,Bachelor,Good,5,No,37.9,1.917879360480557
S1704,21,Female,5.5,3.0,1.4,No,92.9,5.2,Fair,6,High School,Good,2,Yes,76.3,5.3449951409135075
S1705,21,Female,1.0,2.1,1.0,No,79.4,8.7,Fair,1,Bachelor,Average,8,Yes,52.6,1.1185682326621924
S1706,20,Female,5.0,1.5,2.2,No,97.79191978973572,5.5,Poor,2,Master,Average,4,No,83.6,4.638566610329651
S1707,24,Male,5.2,1.4,3.6,No,98.6,5.7,Good,4,Bachelor,Average,6,No,92.0,4.788213627992634
S1708,24,Male,1.9,3.1,2.0,No,92.6,5.3,Good,4,,Poor,6,No,53.2,1.8518518518518516
S1709,24,Other,2.9,4.0,2.9,No,67.6,8.7,Poor,4,High School,Good,5,Yes,56.4,3.737113402061856
S1710,23,Male,1.8,1.7,0.3,No,78.9,7.2,Fair,5,High School,Good,1,No,58.1,2.0247469066366706
S1711,18,Male,3.2,3.1,2.0,No,100.0,5.4,Good,4,High School,Average,7,No,70.9,2.909090909090909
S1712,17,Male,3.0,0.0,0.6,Yes,99.5,7.8,Fair,4,Bachelor,Average,10,No,98.7,2.73972602739726
S1713,20,Female,4.7,1.8,0.2,Yes,94.4,6.7,Fair,1,Bachelor,Good,8,No,83.3,4.501915708812261
S1714,24,Female,5.5,2.5,1.0,No,83.2,6.8,Fair,0,Bachelor,Good,1,Yes,80.6,5.901287553648069
S1715,24,Male,6.2,1.4,3.1,No,94.5,6.1,Good,0,Master,Good,10,No,91.3,5.933014354066986
S1716,19,Male,2.7,1.4,2.8,No,83.7,5.6,Good,2,High School,Average,7,Yes,63.5,2.88153681963714
S1717,20,Female,3.2,1.7,2.1,Yes,96.3,6.9,Good,1,Master,Average,4,Yes,66.3,3.010348071495767
S1718,24,Female,1.0,2.9,0.1,No,57.29806255968201,5.8,Poor,4,Bachelor,Good,6,No,49.9,1.4859268780779076
S1719,20,Male,2.3,2.3,1.6,Yes,76.9,8.7,Fair,0,High School,Good,9,No,68.9,2.646720368239355
S1720,18,Female,4.9,0.0,2.1,Yes,95.1,5.0,Good,3,Bachelor,Average,5,No,94.2,4.662226450999049
S1721,19,Male,5.9,0.0,2.0,Yes,84.6,8.3,Poor,3,High School,Good,8,No,100.0,6.23678646934461
S1722,20,Male,1.6,1.8,0.0,No,98.8,6.4,Good,3,Bachelor,Good,5,No,58.6,1.4705882352941175
S1723,17,Female,2.6,3.0,0.8,No,78.3,6.9,Good,4,Bachelor,Average,2,No,53.2,2.9445073612684034
S1724,17,Male,3.5,0.0,1.7,No,84.5,7.5,Poor,4,High School,Average,4,Yes,70.5,3.7037037037037037
S1725,21,Female,3.9,1.9,2.4,No,75.8,5.7,Good,2,Bachelor,Average,2,No,64.0,4.545454545454546
S1726,19,Male,2.3,1.9,0.0,Yes,85.1,7.5,Fair,6,Bachelor,Poor,7,Yes,77.4,2.4185068349106205
S1727,19,Male,4.1,4.2,1.6,No,70.2,3.3,Good,2,High School,Good,7,No,57.4,5.11221945137157
S1728,21,Other,2.8,2.0,2.0,No,80.1,5.6,Fair,2,,Average,3,Yes,59.9,3.1076581576026636
S1729,20,Male,3.5,3.0,2.7,No,70.6,5.4,Fair,5,High School,Good,7,No,66.7,4.3424317617866
S1730,19,Female,4.3,2.7,2.6,Yes,91.9,5.0,Good,3,Bachelor,Good,1,No,58.4,4.219823356231599
S1731,17,Male,3.5,0.0,2.4,No,92.2,6.2,Good,4,Master,Poor,1,No,63.6,3.4246575342465753
S1732,17,Male,2.8,3.4,0.9,No,67.7,7.0,Poor,3,Master,Average,9,No,62.6,3.603603603603603
S1733,24,Male,3.3,2.8,0.0,No,98.3,7.3,Fair,2,Bachelor,Good,6,No,70.6,3.047091412742382
S1734,18,Female,3.4,3.1,1.4,No,100.0,6.8,Poor,4,Bachelor,Good,5,No,75.2,3.0909090909090904
S1735,19,Male,2.9,7.2,2.9,Yes,85.5,5.7,Fair,1,High School,Good,6,No,50.1,3.0366492146596857
S1736,20,Female,3.1,0.0,3.3,No,78.6,6.9,Fair,0,Bachelor,Average,6,No,72.8,3.498871331828443
S1737,21,Male,5.9,4.6,2.6,Yes,100.0,6.6,Fair,0,High School,Average,1,Yes,72.7,5.363636363636363
S1738,21,Other,4.3,2.2,2.3,No,71.8,7.6,Fair,2,High School,Good,5,Yes,76.0,5.256723716381418
S1739,20,Male,3.1,2.8,2.2,No,85.2,7.4,Poor,6,Bachelor,Good,9,Yes,74.1,3.256302521008404
S1740,23,Female,4.5,2.4,1.2,Yes,86.8,6.5,Poor,3,,Average,4,Yes,79.0,4.648760330578512
S1741,22,Female,3.0,2.0,1.7,No,98.5,5.4,Poor,1,Bachelor,Good,3,No,51.3,2.7649769585253456
S1742,18,Female,5.3,1.8,3.6,No,88.6,5.7,Fair,4,Bachelor,Average,1,Yes,71.0,5.375253549695741
S1743,21,Female,4.1,2.9,0.8,Yes,80.0,5.8,Good,6,High School,Good,2,Yes,76.4,4.555555555555555
S1744,19,Female,3.3,0.7,3.6,No,75.5,6.1,Poor,3,High School,Good,3,Yes,52.6,3.8596491228070176
S1745,18,Female,4.2,3.4,1.4,No,81.6,6.8,Good,2,Master,Average,4,No,74.0,4.585152838427948
S1746,19,Male,1.1,2.0,3.3,No,74.9,7.4,Good,3,Bachelor,Good,7,No,42.6,1.2956419316843344
S1747,23,Male,1.8,1.1,0.3,No,59.749801710874074,6.4,Good,2,High School,Average,6,No,49.8,2.580652497710797
S1748,17,Female,1.7,2.0,2.4,No,50.31954496849145,6.5,Good,5,High School,Average,8,No,45.7,2.8183236476468996
S1749,18,Female,3.7,4.0,1.0,No,70.1,6.7,Good,0,Bachelor,Poor,9,Yes,77.2,4.619225967540575
S1750,24,Female,6.1,1.9,0.2,No,97.6,5.9,Poor,6,Bachelor,Poor,6,No,98.5,5.6691449814126385
S1751,21,Female,6.8,2.9,2.0,No,80.0,5.4,Fair,0,High School,Average,7,No,96.2,7.555555555555555
S1752,18,Male,4.5,1.6,2.9,Yes,72.3,4.4,Good,3,High School,Good,4,Yes,71.3,5.467800729040097
S1753,18,Male,4.3,3.4,0.9,No,83.3,5.7,Fair,1,Master,Good,2,No,59.2,4.608788853161844
S1754,18,Female,0.8,3.3,0.2,No,85.7,7.1,Good,4,Bachelor,Poor,9,No,51.8,0.8359456635318705
S1755,22,Male,2.7,4.7,1.7,Yes,67.5,5.7,Poor,2,Master,Good,9,No,59.3,3.4838709677419355
S1756,18,Male,2.3,2.3,1.7,No,88.3,6.2,Good,4,Bachelor,Good,4,No,58.5,2.3397761953204474
S1757,19,Female,2.6,3.3,2.4,No,74.5,7.1,Fair,0,Master,Good,3,Yes,44.5,3.076923076923077
S1758,17,Male,3.2,2.6,2.8,No,100.0,7.1,Fair,1,High School,Good,10,Yes,75.4,2.909090909090909
S1759,23,Female,2.8,4.1,1.7,Yes,90.2,5.2,Fair,1,Bachelor,Average,6,Yes,54.9,2.7944111776447103
S1760,20,Male,0.5,1.6,3.8,Yes,34.00391664582829,7.7,Good,4,,Average,3,Yes,30.2,1.1362624923238545
S1761,18,Female,4.6,3.4,2.0,No,77.5,7.9,Good,0,Bachelor,Good,1,Yes,71.8,5.257142857142857
S1762,21,Male,1.9,2.3,1.4,No,84.0,5.1,Fair,4,High School,Poor,4,No,51.8,2.021276595744681
S1763,18,Male,3.9,2.4,0.0,Yes,91.1,5.5,Good,3,High School,Poor,1,Yes,59.5,3.8575667655786354
S1764,21,Male,6.6,2.6,1.5,No,84.7,7.9,Fair,1,Master,Poor,2,No,96.6,6.969376979936642
S1765,19,Male,2.1,2.8,1.4,Yes,34.16904488378021,6.3,Poor,1,Master,Average,3,No,44.1,4.754460970405009
S1766,21,Male,0.0,2.4,2.9,No,46.233844284504485,3.8,Poor,3,,Average,8,No,30.5,0.0
S1767,24,Male,3.1,2.8,2.3,No,79.0,4.8,Poor,0,Bachelor,Average,10,No,63.7,3.4831460674157304
S1768,20,Female,5.2,4.4,0.5,No,81.6,6.2,Fair,1,High School,Poor,4,No,74.0,5.676855895196507
S1769,17,Male,6.4,3.7,2.0,No,93.22811799052732,5.1,Fair,6,High School,Good,4,No,98.8,6.19986116630286
S1770,21,Female,1.7,3.5,2.5,No,94.7,6.0,Good,5,Bachelor,Good,10,No,53.0,1.6236867239732566
S1771,21,Female,4.2,2.0,3.5,No,88.0,6.5,Good,5,High School,Average,9,No,84.6,4.285714285714286
S1772,17,Female,2.8,1.4,2.8,No,77.3,8.3,Poor,5,Master,Poor,7,No,73.0,3.2073310423825885
S1773,20,Male,3.3,3.6,2.6,No,100.0,6.2,Fair,2,High School,Poor,2,Yes,57.1,2.9999999999999996
S1774,18,Female,7.5,3.6,1.9,Yes,85.9,7.8,Fair,6,Bachelor,Average,3,No,100.0,7.820646506777893
S1775,21,Male,1.2,4.3,2.2,No,74.6,8.2,Fair,2,Bachelor,Average,4,No,36.2,1.4184397163120568
S1776,17,Male,3.9,1.8,3.2,No,93.6,8.2,Poor,0,High School,Average,4,No,65.6,3.7644787644787643
S1777,24,Other,4.2,2.2,0.3,Yes,89.0,6.8,Poor,3,High School,Good,10,Yes,87.5,4.242424242424242
S1778,24,Male,5.1,0.5,1.4,No,88.9,4.1,Good,4,Bachelor,Average,8,No,100.0,5.156723963599595
S1779,19,Female,3.6,2.0,1.0,Yes,80.7,7.1,Good,6,Bachelor,Average,10,No,85.6,3.9691289966923926
S1780,17,Female,4.0,3.7,2.2,No,89.5,7.8,Poor,0,High School,Average,10,Yes,89.4,4.0201005025125625
S1781,19,Female,2.9,1.9,3.2,No,82.4,6.4,Fair,4,Bachelor,Good,6,No,66.9,3.1385281385281383
S1782,24,Female,3.9,3.3,1.1,Yes,90.6,8.6,Fair,0,,Good,3,No,56.0,3.8767395626242545
S1783,20,Male,3.0,2.3,0.0,No,66.0,7.5,Good,2,High School,Good,9,No,77.9,3.9473684210526314
S1784,18,Male,4.4,2.9,1.3,No,80.7,7.2,Fair,5,High School,Good,10,No,91.3,4.851157662624035
S1785,17,Female,2.9,1.1,2.8,No,100.0,7.8,Poor,3,,Average,8,No,68.4,2.6363636363636362
S1786,23,Male,4.1,2.6,2.4,No,77.3,6.9,Good,2,Bachelor,Average,9,No,85.3,4.696449026345933
S1787,24,Male,3.5,0.0,2.3,No,79.0,3.5,Fair,3,Bachelor,Good,5,Yes,64.4,3.932584269662921
S1788,24,Male,5.2,2.3,1.5,No,80.5,5.9,Fair,6,Master,Poor,3,No,82.8,5.745856353591161
S1789,23,Male,3.4,0.5,0.4,No,72.9,7.9,Fair,4,Bachelor,Good,4,No,78.0,4.101326899879372
S1790,22,Male,0.8,3.9,2.4,No,62.9,5.5,Fair,0,Master,Good,5,No,31.5,1.0973936899862826
S1791,24,Male,5.4,3.4,0.9,No,82.7,6.2,Fair,1,Bachelor,Good,9,No,92.3,5.825242718446602
S1792,21,Female,2.1,3.1,4.2,No,86.4,5.2,Fair,1,Bachelor,Poor,9,Yes,50.1,2.1784232365145226
S1793,20,Female,2.5,4.3,2.4,No,36.98979429025954,8.6,Fair,3,Master,Good,3,No,49.4,5.320304201710928
S1794,17,Female,2.6,1.4,1.2,No,83.6,8.5,Poor,5,Bachelor,Average,7,No,80.3,2.777777777777778
S1795,23,Male,5.6,4.6,1.1,No,85.4,5.4,Good,5,,Poor,6,Yes,89.7,5.870020964360586
S1796,21,Male,0.3,3.6,1.7,No,54.66603012093219,6.7,Poor,3,Bachelor,Average,4,Yes,33.6,0.463922092386016
S1797,23,Male,8.2,2.2,1.5,No,83.1,5.7,Poor,2,Master,Good,5,Yes,100.0,8.807733619763695
S1798,17,Female,5.1,3.9,3.0,No,79.3,7.2,Good,1,Bachelor,Average,10,No,90.6,5.711086226203808
S1799,19,Female,3.8,1.2,2.0,No,82.2,7.1,Good,2,Bachelor,Average,2,Yes,66.3,4.1214750542299345
S1800,17,Male,3.4,1.5,1.0,No,90.8,7.5,Good,4,Bachelor,Poor,7,Yes,86.1,3.373015873015873
S1801,22,Female,3.9,1.8,3.9,No,99.1,6.9,Fair,1,Master,Good,4,No,65.5,3.5747021081576538
S1802,17,Male,4.3,1.9,1.9,No,78.7,10.0,Fair,4,,Good,2,No,82.9,4.847801578354002
S1803,17,Female,4.5,1.2,2.6,No,86.0,5.3,Good,0,Bachelor,Good,6,Yes,76.3,4.6875
S1804,22,Female,4.3,4.0,1.1,Yes,88.4,4.4,Good,2,High School,Average,2,Yes,59.0,4.369918699186992
S1805,20,Female,3.6,2.2,2.2,No,75.1,6.0,Fair,3,Bachelor,Average,10,Yes,76.1,4.230317273795535
S1806,24,Female,3.2,2.9,2.1,No,58.334623220920946,4.6,Good,1,Bachelor,Good,2,Yes,40.3,4.68283843411945
S1807,17,Female,3.3,1.8,0.0,No,70.3,4.7,Poor,2,High School,Average,7,Yes,65.2,4.109589041095891
S1808,22,Male,3.2,0.3,4.0,Yes,67.3,5.3,Good,3,High School,Good,1,No,43.9,4.1397153945666245
S1809,21,Female,5.2,2.8,3.2,No,88.7,5.4,Good,0,Bachelor,Good,7,Yes,89.5,5.268490374873354
S1810,19,Male,4.4,0.2,1.4,No,81.2,5.4,Good,1,High School,Average,10,No,80.7,4.824561403508772
S1811,19,Female,0.0,2.4,0.6,Yes,87.0,7.1,Good,4,High School,Average,5,No,53.0,0.0
S1812,17,Female,4.5,0.9,2.2,No,84.8,5.9,Good,0,Bachelor,Good,1,No,70.6,4.746835443037975
S1813,20,Female,3.8,4.9,1.9,No,75.2,6.3,Poor,5,High School,Average,6,No,65.5,4.460093896713615
S1814,20,Male,3.5,3.6,2.2,No,84.5,7.6,Fair,3,High School,Average,7,No,75.1,3.7037037037037037
S1815,21,Female,2.9,2.6,2.0,No,72.7,5.6,Poor,1,Master,Good,1,No,43.5,3.506650544135429
S1816,17,Female,5.2,4.0,2.4,No,98.9,6.2,Fair,1,High School,Average,9,No,80.6,4.775022956841138
S1817,19,Female,4.9,1.5,3.4,No,90.96947964898641,6.9,Good,6,High School,Good,7,Yes,88.2,4.852951621652919
S1818,20,Male,2.3,3.2,2.4,No,50.98837476334809,4.2,Fair,6,Bachelor,Poor,1,Yes,48.5,3.771210511715785
S1819,17,Male,4.1,2.7,0.6,No,74.6,3.6,Fair,0,Bachelor,Good,3,No,67.3,4.846335697399527
S1820,23,Male,2.0,2.8,3.3,No,90.7,6.9,Fair,1,Master,Poor,5,No,50.7,1.9860973187686195
S1821,20,Male,1.4,4.0,3.6,No,30.063989386774253,7.1,Good,3,Master,Poor,4,No,35.4,3.494409871379812
S1822,22,Female,2.6,3.4,5.3,No,39.24519294607284,9.0,Poor,0,Bachelor,Good,2,No,49.1,5.279703143507213
S1823,23,Male,4.8,2.8,0.6,No,93.5,6.7,Fair,4,High School,Good,1,No,85.4,4.637681159420289
S1824,24,Other,4.9,0.5,2.1,No,85.3,7.5,Poor,0,,Average,4,No,83.9,5.141657922350473
S1825,20,Male,4.3,1.3,0.0,Yes,90.2,6.3,Good,0,High School,Average,7,No,90.4,4.291417165668663
S1826,19,Male,4.6,2.4,2.4,No,75.2,6.9,Poor,4,High School,Good,4,No,87.8,5.399061032863849
S1827,18,Female,4.3,2.6,1.2,No,91.1195385496707,8.5,Good,5,Bachelor,Average,9,No,87.5,4.252392823062386
S1828,23,Female,2.5,1.1,3.9,No,86.1,4.0,Fair,6,Bachelor,Good,8,No,58.2,2.6014568158168574
S1829,24,Female,4.1,5.4,0.9,No,81.8,7.0,Poor,3,,Good,8,Yes,73.2,4.466230936819172
S1830,21,Female,4.7,4.3,0.0,No,91.3,9.1,Good,5,Bachelor,Good,5,No,83.5,4.639684106614018
S1831,21,Female,4.6,3.2,1.3,No,84.2,6.8,Poor,5,High School,Average,1,Yes,77.6,4.883227176220806
S1832,19,Male,5.3,2.6,0.0,Yes,87.1,8.5,Fair,5,High School,Average,9,Yes,98.4,5.458290422245108
S1833,20,Other,4.6,2.2,2.6,No,68.8,5.7,Poor,6,Bachelor,Good,2,No,78.5,5.83756345177665
S1834,17,Other,4.0,1.4,0.0,Yes,100.0,6.5,Fair,2,High School,Poor,6,Yes,81.1,3.6363636363636362
S1835,20,Female,5.1,2.6,1.8,No,83.4,6.5,Fair,6,High School,Average,10,No,100.0,5.460385438972162
S1836,19,Male,3.5,2.8,0.0,No,92.0,3.8,Fair,5,,Poor,5,Yes,58.7,3.4313725490196076
S1837,21,Female,2.2,1.0,1.4,No,76.6,5.1,Poor,2,High School,Poor,10,No,62.6,2.5404157043879914
S1838,20,Male,3.3,2.9,3.6,No,88.1,5.2,Fair,4,Bachelor,Average,8,Yes,60.3,3.363914373088685
S1839,21,Male,2.4,2.3,2.2,No,72.0,7.5,Good,6,Master,Average,3,No,63.9,2.926829268292683
S1840,23,Male,2.5,0.2,0.9,Yes,89.5,7.5,Good,3,High School,Good,6,Yes,80.0,2.512562814070352
S1841,24,Male,3.3,1.5,1.8,Yes,81.4,6.9,Fair,5,High School,Average,6,No,62.6,3.610503282275711
S1842,17,Female,2.3,2.0,1.8,No,85.3,7.5,Fair,1,Bachelor,Average,10,No,71.4,2.4134312696747116
S1843,23,Female,3.0,4.8,2.3,Yes,92.0,6.3,Fair,4,Master,Poor,3,No,60.6,2.941176470588235
S1844,21,Female,0.7,3.2,0.3,Yes,72.7,7.9,Fair,2,High School,Good,7,Yes,47.2,0.8464328899637243
S1845,21,Male,3.8,0.9,2.5,No,78.2,6.5,Poor,6,High School,Average,4,Yes,78.1,4.308390022675737
S1846,18,Male,3.5,3.1,0.0,No,89.6,6.6,Fair,3,Bachelor,Good,5,Yes,75.5,3.514056224899599
S1847,18,Male,2.3,0.6,1.1,No,100.0,6.2,Fair,0,Bachelor,Good,9,No,73.5,2.0909090909090904
S1848,23,Other,4.5,3.8,1.3,No,83.6,7.3,Fair,3,High School,Poor,6,No,74.6,4.807692307692308
S1849,22,Male,4.9,1.9,2.5,No,90.9,6.0,Fair,3,Bachelor,Average,10,No,98.7,4.856293359762141
S1850,23,Female,1.1,2.4,1.8,No,56.863916739730016,7.7,Good,5,High School,Average,4,Yes,49.2,1.6451324625235255
S1851,18,Female,2.4,4.1,0.3,No,100.0,5.1,Poor,5,Bachelor,Good,8,No,67.4,2.1818181818181817
S1852,21,Male,2.3,1.0,0.7,No,67.5,5.2,Good,6,Bachelor,Good,9,No,72.5,2.9677419354838706
S1853,19,Female,2.1,0.8,2.0,No,85.9,7.3,Good,6,Master,Good,10,Yes,68.4,2.18978102189781
S1854,23,Female,4.7,1.8,1.7,No,68.7,6.4,Fair,2,High School,Average,5,No,70.0,5.972045743329097
S1855,21,Female,3.2,3.7,1.2,No,59.9,6.0,Fair,6,High School,Good,2,No,56.1,4.577968526466381
S1856,19,Female,3.1,0.7,1.3,Yes,88.0,7.6,Fair,2,High School,Poor,6,Yes,81.5,3.163265306122449
S1857,19,Male,0.5,0.0,2.6,Yes,46.52019680582031,5.8,Poor,5,Master,Poor,8,Yes,45.0,0.8846395240232271
S1858,18,Male,4.5,2.0,1.2,Yes,82.2,6.3,Fair,5,High School,Good,5,Yes,84.4,4.880694143167028
S1859,23,Female,1.6,3.2,1.7,No,48.876945015610204,8.2,Good,1,High School,Good,1,No,36.8,2.717532303307836
S1860,20,Female,3.6,3.9,4.2,No,100.0,8.3,Poor,1,High School,Poor,8,Yes,65.6,3.2727272727272725
S1861,17,Male,3.9,1.9,0.2,No,82.4,8.4,Fair,4,Bachelor,Poor,9,Yes,93.5,4.22077922077922
S1862,18,Female,5.5,2.0,0.0,No,90.1,6.2,Good,5,High School,Poor,1,No,93.7,5.494505494505495
S1863,18,Female,1.5,3.9,2.7,No,39.39091376742167,8.0,Good,0,High School,Poor,8,Yes,42.3,3.036995847178277
S1864,20,Female,0.0,0.3,1.1,Yes,88.0,5.4,Fair,1,High School,Average,10,Yes,53.3,0.0
S1865,17,Male,3.8,2.0,1.4,No,82.6,5.4,Good,2,Master,Good,2,No,65.9,4.103671706263499
S1866,21,Female,6.2,2.7,0.9,No,80.9,3.7,Fair,3,Bachelor,Good,4,Yes,87.9,6.82068206820682
S1867,22,Female,5.4,3.0,1.5,No,100.0,8.5,Poor,6,Bachelor,Good,2,No,94.5,4.909090909090909
S1868,23,Male,3.8,1.9,3.6,No,96.8,5.5,Fair,6,Master,Good,2,No,77.8,3.5580524344569286
S1869,22,Male,2.8,2.5,2.7,Yes,86.4,6.3,Fair,4,Master,Average,10,No,74.6,2.9045643153526965
S1870,21,Other,4.7,0.0,2.7,Yes,62.0,5.4,Good,1,High School,Good,3,No,67.5,6.527777777777779
S1871,24,Male,2.0,1.7,0.2,Yes,81.4,7.3,Poor,3,Master,Good,8,Yes,66.5,2.1881838074398248
S1872,18,Female,4.2,3.0,0.5,No,100.0,6.0,Fair,3,,Average,4,No,78.4,3.818181818181818
S1873,17,Female,4.3,1.3,0.0,No,82.7,4.9,Fair,1,High School,Good,7,No,84.9,4.638619201725997
S1874,18,Male,5.1,2.6,0.9,No,96.0,7.0,Fair,0,Master,Average,10,No,96.6,4.811320754716981
S1875,19,Female,7.6,3.0,2.9,No,99.4,4.8,Poor,0,High School,Good,3,No,100.0,6.946983546617915
S1876,18,Male,4.1,2.1,2.4,No,87.2,5.5,Fair,4,High School,Good,10,No,83.1,4.2181069958847734
S1877,18,Female,2.7,2.7,1.6,No,59.863922968658855,4.0,Good,0,High School,Average,3,No,36.9,3.8646555836997982
S1878,21,Male,3.5,1.3,1.8,Yes,60.6,4.8,Fair,4,Bachelor,Good,2,No,60.0,4.957507082152975
S1879,21,Female,0.8,2.3,1.0,No,58.49974574613926,6.7,Fair,2,High School,Poor,6,No,44.3,1.1678875465681406
S1880,21,Male,2.5,3.2,2.0,No,33.41152864076557,4.1,Fair,1,Bachelor,Good,6,No,41.6,5.758838903572671
S1881,22,Male,2.9,2.7,2.6,Yes,41.49467619952367,4.7,Fair,3,Master,Average,1,No,45.5,5.631650131682593
S1882,19,Other,2.7,1.8,0.0,No,72.5,6.5,Fair,4,Bachelor,Poor,7,No,68.2,3.272727272727273
S1883,24,Male,3.7,2.8,2.1,No,82.3,5.8,Good,6,High School,Average,4,No,75.5,4.008667388949079
S1884,24,Female,2.3,3.4,2.8,No,31.09448506353166,8.9,Good,0,Master,Good,3,No,40.9,5.596858061231873
S1885,21,Male,5.2,0.0,1.3,No,87.7,8.7,Fair,6,High School,Poor,8,No,100.0,5.322415557830093
S1886,17,Female,3.5,3.9,2.6,No,73.9,5.5,Fair,4,High School,Good,2,Yes,65.6,4.171632896305125
S1887,22,Male,3.5,2.1,4.9,No,97.0,7.2,Good,5,,Poor,9,No,75.9,3.2710280373831773
S1888,20,Other,3.0,3.0,1.7,Yes,79.0,7.4,Fair,4,Bachelor,Good,8,Yes,69.8,3.3707865168539324
S1889,17,Male,3.7,3.9,2.2,Yes,68.3,5.8,Fair,0,High School,Good,8,No,66.6,4.725415070242657
S1890,23,Male,4.7,0.9,1.0,Yes,83.9,4.7,Fair,5,High School,Average,3,No,84.5,5.005324813631523
S1891,23,Male,2.2,1.6,2.0,Yes,85.3,6.5,Good,5,High School,Average,4,Yes,65.6,2.3084994753410286
S1892,17,Male,2.5,2.2,2.3,No,42.81062919774567,6.3,Fair,0,High School,Good,2,No,46.8,4.733895501678131
S1893,21,Female,3.0,1.6,2.0,No,98.6,6.0,Good,5,Bachelor,Good,2,No,67.7,2.762430939226519
S1894,20,Male,1.5,4.6,0.7,Yes,57.26170054899334,7.0,Good,1,Bachelor,Good,4,Yes,45.4,2.230095266335709
S1895,20,Female,2.3,1.5,2.0,No,83.8,5.6,Fair,3,Bachelor,Average,6,No,57.0,2.4520255863539444
S1896,22,Male,2.8,1.8,3.4,Yes,74.0,5.1,Good,6,High School,Average,5,No,58.4,3.333333333333333
S1897,20,Male,4.8,2.7,2.3,No,93.2,6.6,Good,1,High School,Good,1,Yes,70.8,4.651162790697674
S1898,23,Female,3.9,1.1,2.9,No,86.8,7.0,Fair,1,Master,Average,10,No,75.7,4.028925619834711
S1899,19,Female,3.8,2.0,1.5,No,80.8,5.1,Poor,0,,Average,1,No,55.7,4.185022026431718
S1900,21,Male,4.8,2.9,2.6,No,96.06999887180383,7.6,Poor,0,Master,Average,6,Yes,82.1,4.525313520368071
S1901,20,Male,3.3,2.1,2.1,No,99.4,4.4,Fair,6,High School,Good,3,Yes,71.4,3.016453382084095
S1902,22,Male,4.1,2.4,0.8,No,72.7,5.8,Fair,3,Master,Good,3,No,66.7,4.957678355501813
S1903,23,Female,3.3,1.9,2.2,No,79.1,6.2,Fair,4,High School,Average,7,No,70.9,3.7037037037037037
S1904,19,Female,3.9,0.7,0.7,Yes,88.6,5.7,Poor,1,High School,Poor,1,Yes,73.0,3.955375253549696
S1905,18,Male,2.6,2.9,1.1,Yes,73.0,5.8,Good,5,Bachelor,Poor,1,Yes,53.9,3.132530120481928
S1906,18,Female,0.0,4.6,2.0,Yes,70.1,8.7,Fair,3,Bachelor,Average,10,No,43.4,0.0
S1907,19,Female,3.3,2.5,2.1,No,63.8,5.5,Fair,1,High School,Average,3,No,55.4,4.471544715447155
S1908,23,Female,6.5,2.8,0.5,Yes,98.2,9.4,Fair,4,Bachelor,Good,8,No,100.0,6.0073937153419585
S1909,22,Female,4.9,3.3,3.0,No,79.5,7.0,Fair,5,Bachelor,Average,1,No,71.8,5.474860335195531
S1910,19,Male,4.9,1.0,2.4,No,100.0,6.6,Fair,1,,Average,10,No,89.2,4.454545454545454
S1911,21,Male,5.4,4.5,1.0,No,75.1,7.1,Fair,2,,Good,4,No,83.9,6.345475910693303
S1912,21,Male,3.6,2.7,0.1,No,75.8,9.5,Poor,6,High School,Average,9,No,89.1,4.195804195804196
S1913,18,Male,3.8,4.5,1.6,Yes,79.3,5.3,Good,3,High School,Good,4,No,53.5,4.25531914893617
S1914,20,Female,2.6,1.6,1.3,Yes,87.4,5.2,Good,6,Bachelor,Poor,10,No,72.9,2.6694045174537986
S1915,22,Female,3.0,4.7,1.9,No,80.3,5.6,Fair,0,High School,Average,8,No,61.0,3.322259136212625
S1916,18,Male,4.4,3.4,1.4,No,91.1,6.5,Good,1,High School,Good,7,No,69.1,4.352126607319486
S1917,20,Male,5.3,3.2,0.0,No,75.2,4.4,Good,5,High School,Good,3,No,77.2,6.220657276995305
S1918,20,Male,3.3,2.8,1.4,Yes,71.2,6.5,Poor,5,Bachelor,Average,7,No,71.9,4.064039408866995
S1919,24,Female,2.8,2.2,1.5,No,67.0,8.5,Good,3,High School,Good,7,Yes,74.7,3.6363636363636362
S1920,21,Male,3.5,3.9,2.5,Yes,62.8,6.7,Good,3,,Good,10,No,74.5,4.8076923076923075
S1921,23,Female,4.4,2.7,1.0,No,79.8,6.1,Fair,6,,Average,3,No,85.4,4.89977728285078
S1922,17,Male,1.3,0.1,3.6,No,34.368474256487296,5.8,Poor,5,Master,Average,2,Yes,44.3,2.9300083489121143
S1923,23,Male,0.1,1.2,0.0,No,78.7,7.6,Poor,5,High School,Good,9,No,53.4,0.11273957158962797
S1924,17,Other,2.7,2.3,3.2,Yes,97.4,5.5,Poor,5,Bachelor,Average,1,Yes,57.4,2.5139664804469275
S1925,19,Other,1.7,2.9,1.6,Yes,97.3,8.7,Good,1,,Good,7,No,53.6,1.5843429636533084
S1926,21,Male,2.7,2.4,2.7,No,81.7,8.8,Fair,5,High School,Good,4,Yes,58.8,2.944383860414395
S1927,20,Female,3.3,4.0,1.9,No,67.1,6.8,Good,0,Bachelor,Good,2,No,43.5,4.280155642023346
S1928,22,Female,2.8,0.2,3.1,No,79.3,6.5,Good,5,High School,Average,2,No,65.6,3.135498320268757
S1929,17,Female,5.7,2.7,1.4,No,79.0,7.7,Good,0,Master,Average,8,Yes,89.8,6.404494382022472
S1930,23,Male,4.0,0.3,0.6,No,78.4,7.8,Good,1,Master,Good,7,No,89.5,4.524886877828054
S1931,20,Female,4.0,3.4,3.4,Yes,78.0,5.5,Poor,3,Bachelor,Average,7,Yes,68.8,4.545454545454546
S1932,17,Female,4.4,2.4,1.7,No,78.5,5.9,Fair,0,Bachelor,Average,5,No,76.8,4.971751412429379
S1933,17,Female,1.8,3.0,2.0,No,54.719313715426914,4.9,Good,1,High School,Average,10,No,47.5,2.78124086407137
S1934,24,Male,5.1,1.5,3.2,No,78.6,7.0,Poor,5,High School,Poor,8,Yes,89.3,5.756207674943567
S1935,17,Male,3.4,4.0,0.7,Yes,87.1,7.3,Poor,1,Master,Good,2,No,62.0,3.501544799176107
S1936,22,Male,4.5,3.8,2.5,No,88.6,4.9,Good,5,Bachelor,Average,2,Yes,66.1,4.563894523326573
S1937,21,Female,1.9,3.2,1.2,No,51.52795979076245,6.0,Good,6,Bachelor,Good,5,No,41.7,3.0880269823041617
S1938,22,Male,1.2,2.3,1.7,No,31.98778122832033,4.9,Fair,1,High School,Poor,1,No,28.0,2.8579743079889446
S1939,18,Female,4.7,3.2,1.9,No,75.2,5.4,Good,3,,Good,6,No,71.0,5.516431924882629
S1940,20,Other,4.1,1.7,0.1,Yes,68.8,7.2,Good,0,Master,Average,4,No,67.5,5.2030456852791875
S1941,21,Male,2.1,3.5,0.9,No,88.8,5.6,Fair,6,High School,Good,6,No,63.4,2.125506072874494
S1942,24,Female,2.2,4.5,3.3,No,76.8,6.1,Poor,3,High School,Good,7,No,50.2,2.534562211981567
S1943,21,Male,5.2,3.8,2.8,No,88.2,4.5,Good,2,High School,Poor,3,No,72.0,5.29531568228106
S1944,21,Female,1.7,1.6,1.7,No,61.0,6.7,Fair,5,Bachelor,Good,8,Yes,67.9,2.3943661971830985
S1945,23,Male,6.0,2.9,2.1,Yes,98.9,6.4,Poor,0,,Average,7,No,100.0,5.509641873278236
S1946,21,Female,2.1,0.9,1.5,No,91.7,5.6,Fair,3,Bachelor,Good,1,Yes,55.0,2.0648967551622417
S1947,24,Female,4.5,3.2,3.3,Yes,70.0,6.3,Good,0,High School,Good,6,Yes,59.9,5.625000000000001
S1948,22,Female,3.0,3.0,1.6,No,70.2,6.7,Fair,2,Master,Good,7,No,63.2,3.740648379052369
S1949,21,Female,4.4,0.3,2.1,No,100.0,5.5,Fair,4,Bachelor,Good,4,No,84.5,4.0
S1950,19,Female,2.7,1.1,3.1,No,77.6,4.7,Fair,5,High School,Average,2,No,50.8,3.0821917808219186
S1951,20,Female,5.8,2.2,0.9,No,94.0,8.7,Good,5,Bachelor,Poor,10,No,94.0,5.576923076923077
S1952,21,Female,3.6,2.1,3.5,Yes,62.3,5.7,Poor,1,High School,Average,9,No,65.6,4.979253112033195
S1953,20,Female,2.0,1.0,0.1,No,81.5,6.4,Fair,5,High School,Average,7,No,61.7,2.185792349726776
S1954,19,Male,4.6,3.0,3.6,No,82.7,7.7,Good,5,Master,Good,1,Yes,66.0,4.962243797195253
S1955,19,Female,2.7,2.8,1.4,Yes,92.2,10.0,Poor,3,High School,Average,8,No,86.9,2.6418786692759295
S1956,20,Female,3.2,2.3,1.5,No,71.0,5.0,Good,6,High School,Good,3,No,59.6,3.950617283950618
S1957,17,Female,2.0,1.6,0.0,No,69.8,7.0,Good,5,High School,Average,4,No,49.1,2.5062656641604013
S1958,18,Male,0.0,3.8,1.3,Yes,55.584512020269585,5.7,Good,5,High School,Average,5,No,31.1,0.0
S1959,23,Female,3.2,4.5,0.7,No,55.00406663435231,5.9,Fair,2,Master,Good,1,No,45.7,4.92276893690358
S1960,17,Male,7.1,1.9,1.1,Yes,89.6159287232077,5.6,Good,6,High School,Average,6,No,100.0,7.127374197080491
S1961,17,Female,4.7,1.8,1.6,No,95.8,5.1,Good,2,Master,Good,10,No,81.1,4.44234404536862
S1962,22,Male,3.5,3.1,2.9,Yes,85.4,6.5,Good,0,Master,Average,6,No,55.1,3.6687631027253667
S1963,23,Female,3.1,2.1,2.0,No,95.9,4.7,Poor,0,High School,Good,2,No,53.3,2.9272898961284226
S1964,23,Other,3.5,2.3,2.1,No,84.3,7.6,Good,5,High School,Poor,10,Yes,89.1,3.7115588547189824
S1965,17,Male,4.3,3.4,0.6,No,59.8,6.6,Fair,5,Master,Average,6,Yes,77.3,6.160458452722064
S1966,21,Other,1.7,0.2,0.8,No,83.5,7.0,Poor,1,High School,Good,8,Yes,56.4,1.8181818181818183
S1967,22,Male,5.2,4.1,3.8,No,95.6,5.9,Fair,0,,Good,6,No,76.1,4.924242424242424
S1968,22,Female,4.6,2.6,1.0,No,76.1,6.1,Good,3,High School,Average,4,No,74.6,5.342624854819977
S1969,19,Female,4.6,2.0,3.6,Yes,81.1,6.8,Fair,5,Bachelor,Average,4,No,83.0,5.049396267837541
S1970,24,Female,4.2,2.4,1.5,No,83.2,5.1,Fair,3,Bachelor,Average,9,Yes,85.9,4.506437768240343
S1971,23,Female,3.5,2.5,1.8,No,56.0,6.1,Good,5,High School,Average,6,No,64.5,5.303030303030303
S1972,17,Female,4.5,0.4,3.0,No,100.0,5.5,Fair,3,High School,Good,8,No,91.9,4.090909090909091
S1973,19,Male,4.4,4.3,3.2,No,76.0,5.4,Good,4,Master,Good,8,No,74.6,5.116279069767442
S1974,20,Male,3.0,2.5,1.7,No,90.1,4.0,Fair,3,Bachelor,Poor,7,No,70.9,2.997002997002997
S1975,18,Female,2.6,3.0,1.4,No,84.1,8.1,Fair,6,Bachelor,Average,3,No,66.7,2.763018065887354
S1976,24,Female,3.7,3.6,1.7,No,97.6,5.7,Good,0,Bachelor,Good,10,Yes,77.4,3.4386617100371746
S1977,24,Female,6.1,1.3,2.2,Yes,96.5,7.9,Good,5,High School,Average,1,Yes,99.0,5.727699530516432
S1978,24,Female,1.6,3.1,2.8,No,44.9125296732003,7.8,Fair,0,Bachelor,Good,5,Yes,43.5,2.9137248083853433
S1979,22,Male,1.3,2.2,1.8,No,76.1,5.0,Good,6,High School,Poor,10,No,53.4,1.509872241579559
S1980,20,Female,3.7,3.5,2.5,No,93.0,5.2,Poor,6,High School,Good,10,Yes,81.0,3.592233009708738
S1981,24,Male,3.6,0.0,3.6,No,66.3,9.6,Fair,3,Bachelor,Average,2,No,66.2,4.71821756225426
S1982,20,Female,3.8,2.4,2.2,Yes,91.5,8.6,Fair,2,High School,Good,10,No,88.0,3.743842364532019
S1983,21,Male,3.9,1.8,2.1,No,74.0,6.5,Poor,2,Master,Average,2,No,64.4,4.642857142857143
S1984,24,Male,3.2,3.0,0.1,No,97.5,6.8,Fair,6,High School,Average,7,No,82.4,2.976744186046512
S1985,18,Male,5.7,3.1,0.0,Yes,86.6,5.7,Fair,2,Master,Good,3,Yes,80.9,5.900621118012423
S1986,20,Male,1.1,1.7,2.2,No,91.4,7.0,Poor,5,Master,Poor,8,No,59.6,1.0848126232741617
S1987,20,Female,2.3,1.6,1.7,Yes,85.8,5.6,Fair,1,High School,Average,9,No,56.2,2.4008350730688934
S1988,18,Male,3.3,2.4,1.2,No,67.5,4.1,Fair,4,Bachelor,Average,8,Yes,72.5,4.258064516129032
S1989,24,Male,1.0,1.4,2.1,Yes,36.86498519394728,4.9,Fair,3,High School,Average,6,No,47.6,2.1337892156832527
S1990,18,Male,3.2,3.5,1.7,No,91.7,6.5,Good,1,Master,Good,5,No,63.6,3.1465093411996063
S1991,20,Male,6.0,2.1,3.0,No,86.7,5.1,Good,2,High School,Good,3,No,85.3,6.204756980351603
S1992,18,Male,3.5,0.0,1.9,No,96.8,6.4,Fair,3,Bachelor,Poor,3,No,71.8,3.2771535580524342
S1993,20,Male,3.8,2.1,1.0,No,89.0,5.2,Good,1,High School,Good,7,No,70.9,3.8383838383838382
S1994,20,Female,1.6,1.3,2.9,No,36.59398797568496,5.6,Good,0,High School,Average,5,No,41.7,3.433919416459821
S1995,21,Female,2.6,0.5,1.6,No,77.0,7.5,Fair,2,High School,Good,6,Yes,76.1,2.9885057471264367
S1996,17,Female,2.9,1.0,2.4,Yes,86.0,6.8,Poor,1,High School,Average,6,Yes,65.9,3.0208333333333335
S1997,20,Male,3.0,2.6,1.3,No,61.9,6.5,Good,5,Bachelor,Good,9,Yes,64.4,4.172461752433936
S1998,24,Male,5.4,4.1,1.1,Yes,100.0,7.6,Fair,0,Bachelor,Average,1,No,69.7,4.909090909090909
S1999,19,Female,4.3,2.9,1.9,No,89.4,7.1,Good,2,Bachelor,Average,8,No,74.9,4.325955734406438
